"village","adjmatrix_key","pid","hhid","resp_id","resp_gend","resp_status","age","religion","caste","subcaste","mothertongue","speakother","kannada","tamil","telugu","hindi","urdu","english","otherlang","educ","villagenative","native_name","native_type","native_taluk","native_district","res_time_yrs","res_time_mths","movereason","movecontact","movecontact_res","movecontact_hhid","movecontact_pid","movecontact_name","workflag","work_freq","work_freq_type","occupation","privategovt","work_outside","work_outside_freq","shgparticipate","shg_no","savings","savings_no","electioncard","rationcard","rationcard_colour"
71,5,7100201,71002,1,1,1,35,1,4,"LINGAYATH","KANNADA",2,0,0,0,0,0,0,"",10,1,"","","","",NA,NA,"",NA,NA,NA,NA,"",1,6,"DAYS PER WEEK","HOTEL BUSINESS","PRIVATE BUSINESS",2,NA,2,NA,1,1,1,1,"BLUE"
71,6,7100202,71002,2,2,2,30,1,4,"LINGAYATH","KANNADA",2,0,0,0,0,0,0,"",10,2,"data has been removed for publication","VILLAGE","data has been removed for publication","HOSUR",12,NA,"MARRIAGE",NA,NA,NA,NA,"",2,NA,"","","",NA,NA,1,1,1,1,1,1,"APL"
71,10,7100301,71003,1,1,1,50,1,2,"NAYAK","KANNADA",1,0,0,1,0,0,0,"",16,1,"","","","",NA,NA,"",NA,NA,NA,NA,"",1,6,"DAYS PER WEEK","AGRICULTURE LABOUR","LAND LORD",1,0,2,NA,1,1,1,1,"YELLOW"
71,11,7100302,71003,2,2,2,42,1,2,"NAYAK","KANNADA",1,0,0,1,0,0,0,"",16,2,"data has been removed for publication","VILLAGE","data has been removed for publication","KOLAR",28,NA,"MARRIAGE",NA,NA,NA,NA,"",1,6,"DAYS PER WEEK","SHIPYARD","OWN",2,NA,1,1,1,1,1,1,"YELLOW"
71,12,7100303,71003,3,2,3,18,1,2,"NAYAK","KANNADA",1,0,0,1,0,0,0,"",10,1,"","","","",NA,NA,"",NA,NA,NA,NA,"",1,6,"DAYS PER WEEK","AGRICULTURIST","OWN",2,NA,2,NA,2,NA,3,1,"BLUE"
71,18,7100501,71005,1,1,1,55,1,3,"GANIGARU","KANNADA",1,0,0,1,0,0,0,"",5,1,"","","","",NA,NA,"",NA,NA,NA,NA,"",1,6,"DAYS PER WEEK","AGRICULTURE LABOUR","LAND LORD",1,0,2,NA,1,1,1,1,"YELLOW"
71,19,7100502,71005,2,2,2,48,1,3,"GANIGARU","KANNADA",1,0,0,1,0,0,0,"",16,2,"data has been removed for publication","VILLAGE","data has been removed for publication","KOLAR",26,NA,"MARRIAGE",NA,NA,NA,NA,"",2,NA,"","","",NA,NA,1,1,1,1,1,1,"YELLOW"
71,20,7100503,71005,3,1,3,25,1,3,"GANIGA","KANNADA",1,0,0,1,0,0,0,"",8,1,"","","","",NA,NA,"",NA,NA,NA,NA,"",1,6,"DAYS PER WEEK","AUTO DRIVER","PRIVATE BUSINESS",1,0,2,NA,2,NA,2,3,""
71,21,7100504,71005,4,2,3,22,1,3,"GANIGARU","KANNADA",1,0,0,1,0,0,0,"",7,2,"data has been removed for publication","VILLAGE","data has been removed for publication","KOLAR",3,NA,"MARRIAGE",NA,NA,NA,NA,"",2,NA,"","","",NA,NA,2,NA,2,NA,1,1,"YELLOW"
71,34,7100901,71009,1,1,1,40,1,2,"NAYAK","KANNADA",2,0,0,0,0,0,0,"",16,1,"","","","",NA,NA,"",NA,NA,NA,NA,"",1,6,"DAYS PER WEEK","AGRICULTURE LABOUR","LAND LORD",1,0,2,NA,2,NA,1,1,"GREEN"
71,35,7100902,71009,2,2,2,35,1,2,"NAYAK","KANNADA",1,0,0,1,0,0,0,"",16,2,"data has been removed for publication","VILLAGE","data has been removed for publication","KOLAR",15,NA,"MARRIAGE",NA,NA,NA,NA,"",1,4,"DAYS PER WEEK","AGRICULTURE COOLIE","LAND OWNER",1,0,1,1,1,1,1,1,"YELLOW"
71,38,7101001,71010,1,1,1,55,1,3,"KURUBA","KANNADA",1,0,0,1,0,0,0,"",16,1,"","","","",NA,NA,"",NA,NA,NA,NA,"",1,7,"DAYS PER WEEK","AGRICULTURIST","OWN",2,NA,2,NA,2,NA,1,1,"YELLOW"
71,39,7101002,71010,2,2,2,45,1,3,"KURUBA","KANNADA",1,0,0,1,0,0,0,"",16,2,"data has been removed for publication","VILLAGE","data has been removed for publication","KOLAR",30,NA,"MARRIAGE",NA,NA,NA,NA,"",1,5,"DAYS PER WEEK","AGRICULTURE LABOUR","OTHER LAND",1,0,2,NA,2,NA,1,1,"YELLOW"
71,40,7101003,71010,3,1,3,26,1,3,"KURUBA","KANNADA",1,0,0,1,0,0,0,"",12,1,"","","","",NA,NA,"",NA,NA,NA,NA,"",2,NA,"","","",NA,NA,2,NA,2,NA,1,1,"YELLOW"
71,41,7101004,71010,4,2,3,22,1,3,"KURUBA","KANNADA",1,0,0,1,0,0,0,"",3,2,"data has been removed for publication","VILLAGE","data has been removed for publication","KOLAR",2,NA,"MARRIAGE",NA,NA,NA,NA,"",2,NA,"","","",NA,NA,2,NA,2,NA,3,3,""
71,59,7101401,71014,1,1,1,58,1,3,"KURUBA","KANNADA",2,0,0,0,0,0,0,"",2,1,"","","","",NA,NA,"",NA,NA,NA,NA,"",1,7,"DAYS PER WEEK","AGRICULTURIST","OWN",2,NA,2,NA,2,NA,1,1,"BLUE"
71,60,7101402,71014,2,2,2,48,1,3,"KURUBA","KANNADA",2,0,0,0,0,0,0,"",16,2,"data has been removed for publication","VILLAGE","data has been removed for publication","BANGALORE RURAL",28,NA,"MARRIAGE",NA,NA,NA,NA,"",2,NA,"","","",NA,NA,1,1,1,1,1,1,"BLUE"
71,64,7101501,71015,1,1,1,52,1,4,"BRAHAMIN","KANNADA",1,0,0,1,0,0,0,"",16,2,"data has been removed for publication","VILLAGE","data has been removed for publication","KOLAR",15,NA,"MARRIAGE",NA,NA,NA,NA,"",1,3,"DAYS PER WEEK","CATERING SERVICE WORKER","PRIVATE BUSINESS",1,5,2,NA,1,1,1,1,"BLUE"
71,65,7101502,71015,2,2,2,45,1,4,"BRAHAMIN","KANNADA",1,0,0,1,0,0,0,"",7,2,"data has been removed for publication","VILLAGE","data has been removed for publication","DODDABALLAPURA",15,NA,"MARRIAGE",NA,NA,NA,NA,"",2,NA,"","","",NA,NA,1,1,1,2,1,1,"BLUE"
71,68,7101601,71016,1,1,1,50,1,2,"NAYAK","KANNADA",1,0,0,1,0,0,0,"",16,1,"","","","",NA,NA,"",NA,NA,NA,NA,"",1,6,"DAYS PER WEEK","CLOTH BUSINESS","PRIVATE BUSINESS",1,0,2,NA,2,NA,1,1,"YELLOW"
71,69,7101602,71016,2,2,2,45,1,2,"NAYAK","KANNADA",1,0,0,1,0,0,0,"",16,2,"data has been removed for publication","VILLAGE","data has been removed for publication","KOLAR",25,NA,"MARRIAGE",NA,NA,NA,NA,"",2,NA,"","","",NA,NA,1,1,1,1,1,1,"YELLOW"
71,73,7101701,71017,1,1,1,35,1,3,"KURUBA","KANNADA",2,0,0,0,0,0,0,"",16,2,"data has been removed for publication","CITY","","BANGALORE",2,NA,"MARRIAGE",NA,NA,NA,NA,"",1,7,"DAYS PER WEEK","OIL SHOP WORKER","PRIVATE BUSINESS",1,0,2,NA,1,1,1,3,""
71,74,7101702,71017,2,2,2,30,1,3,"KURUBA","KANNADA",2,0,0,0,0,0,0,"",16,1,"","","","",NA,NA,"",NA,NA,NA,NA,"",2,NA,"","","",NA,NA,1,1,1,1,3,3,""
71,81,7101901,71019,1,1,1,48,1,3,"KURUBA","KANNADA",1,0,0,1,0,0,0,"",12,1,"","","","",NA,NA,"",NA,NA,NA,NA,"",1,6,"DAYS PER WEEK","AGRICULTURE LABOUR","LAND LORD",1,0,2,NA,1,1,1,1,"YELLOW"
71,82,7101902,71019,2,2,2,40,1,3,"KURUBA","KANNADA",2,0,0,0,0,0,0,"",16,2,"data has been removed for publication","VILLAGE","data has been removed for publication","KOLAR",19,NA,"MARRIAGE",NA,NA,NA,NA,"",2,NA,"","","",NA,NA,1,1,1,1,1,1,"YELLOW"
71,87,7102001,71020,1,1,1,30,1,3,"KURUBA","KANNADA",1,0,0,1,0,0,0,"",13,1,"","","","",NA,NA,"",NA,NA,NA,NA,"",2,NA,"","","",NA,NA,2,NA,2,NA,1,1,"YELLOW"
71,88,7102002,71020,2,2,2,25,1,3,"KURUBA","KANNADA",2,0,0,0,0,0,0,"",10,2,"data has been removed for publication","VILLAGE","data has been removed for publication","BANGALORE",6,NA,"MARRIAGE",NA,NA,NA,NA,"",2,NA,"","","",NA,NA,1,1,1,1,1,1,"YELLOW"
71,96,7102301,71023,1,1,1,40,1,3,"SHETTY","KANNADA",1,0,0,1,1,0,0,"",16,2,"data has been removed for publication","VILLAGE","data has been removed for publication","BANGALORE",6,NA,"WORK",1,1,71271,1,"data has been removed for publication",1,6,"DAYS PER WEEK","LABOUR","OTHER OWNER",1,0,2,NA,2,NA,1,1,"YELLOW"
71,97,7102302,71023,2,2,2,35,1,3,"GANIGA","KANNADA",1,0,0,1,0,0,0,"",16,2,"data has been removed for publication","VILLAGE","data has been removed for publication","KOLAR",16,NA,"MARRIAGE",NA,NA,NA,NA,"",1,4,"DAYS PER WEEK","AGRICULTURE LABOUR","LAND LORD",2,NA,2,NA,2,NA,1,3,""
71,100,7102401,71024,1,1,1,60,1,1,"ADI KARNATAKA","KANNADA",1,0,0,1,0,0,0,"",7,1,"","","","",NA,NA,"",NA,NA,NA,NA,"",2,NA,"","","",NA,NA,2,NA,2,NA,1,1,"BLUE"
71,101,7102402,71024,2,2,2,53,1,1,"ADI KARNATAKA","KANNADA",1,0,0,1,0,0,0,"",16,1,"","","","",NA,NA,"",NA,NA,NA,NA,"",2,NA,"","","",NA,NA,1,1,1,1,1,1,"BLUE"
71,102,7102403,71024,3,2,3,37,1,1,"ADI KARNATAKA","KANNADA",1,0,0,1,0,0,0,"",12,1,"","","","",NA,NA,"",NA,NA,NA,NA,"",1,6,"DAYS PER WEEK","POLICE HEAD CONSTABLE","GOVERNMENT",1,0,2,NA,1,3,3,3,""
71,122,7102901,71029,1,1,1,35,1,3,"KURUBARU","KANNADA",2,0,0,0,0,0,0,"",16,1,"","","","",NA,NA,"",NA,NA,NA,NA,"",1,7,"DAYS PER WEEK","TAILOR","PRIVATE BUSINESS",1,0,2,NA,2,NA,1,1,"YELLOW"
71,123,7102902,71029,2,2,2,29,1,3,"KURUBHA","KANNADA",1,0,0,1,1,0,0,"",10,2,"data has been removed for publication","CITY","","BANGALORE",11,NA,"MARRIAGE",NA,NA,NA,NA,"",1,7,"DAYS PER WEEK","TAILOR","PRIVATE BUSINESS",2,NA,1,1,1,1,1,1,"YELLOW"
71,126,7103001,71030,1,1,1,40,1,3,"KURUBARU","KANNADA",2,0,0,0,0,0,0,"",16,1,"","","","",NA,NA,"",NA,NA,NA,NA,"",1,5,"DAYS PER WEEK","AGRICULTURIST","OWN LAND",2,NA,2,NA,2,NA,1,1,"YELLOW"
71,127,7103002,71030,2,2,2,38,1,3,"KURUBARU","KANNADA",2,0,0,0,0,0,0,"",3,2,"data has been removed for publication","CITY","","BANGALORE",14,NA,"MARRIAGE",NA,NA,NA,NA,"",2,NA,"","","",NA,NA,1,1,1,1,1,1,"YELLOW"
71,130,7103101,71031,1,1,1,38,1,3,"KURUBA","KANNADA",1,0,0,1,0,0,0,"",16,2,"data has been removed for publication","TOWN","data has been removed for publication","KOLAR",19,NA,"MARRIAGE",NA,NA,NA,NA,"",2,NA,"","","",NA,NA,2,NA,2,NA,1,1,"YELLOW"
71,131,7103102,71031,2,2,2,34,1,3,"KURUBARU","KANNADA",1,0,0,1,1,0,0,"",6,1,"","","","",NA,NA,"",NA,NA,NA,NA,"",2,NA,"","","",NA,NA,1,1,1,1,1,1,"YELLOW"
71,133,7103201,71032,1,1,1,30,1,3,"KURUBA","KANNADA",1,0,0,1,0,0,0,"",5,2,"data has been removed for publication","VILLAGE","data has been removed for publication","BANGALORE",10,NA,"MARRIAGE",NA,NA,NA,NA,"",1,6,"DAYS PER WEEK","AGRICULTURE LABOUR","LAND LORD",1,0,2,NA,2,NA,1,1,"GREEN"
71,134,7103202,71032,2,2,2,28,1,3,"KURUBARU","KANNADA",2,0,0,0,0,0,0,"",16,1,"","","","",NA,NA,"",NA,NA,NA,NA,"",1,5,"DAYS PER WEEK","AGRICULTURE COOLIE","LAND OWNER",2,NA,2,NA,2,NA,1,1,"GREEN"
71,141,7103401,71034,1,1,1,40,1,3,"KURUBA","KANNADA",1,0,0,1,0,0,0,"",16,1,"","","","",NA,NA,"",NA,NA,NA,NA,"",1,6,"DAYS PER WEEK","AGRICULTURE LABOUR","LAND LORD",1,0,2,NA,2,NA,1,1,"YELLOW"
71,142,7103402,71034,2,2,2,35,1,3,"KURUBA","KANNADA",1,0,0,1,0,0,0,"",5,2,"data has been removed for publication","VILLAGE","data has been removed for publication","KOLAR",9,NA,"MARRIAGE",NA,NA,NA,NA,"",1,6,"DAYS PER WEEK","AGRICULTURE COOLIE","LAND OWNER",2,NA,1,1,1,1,1,1,"YELLOW"
71,145,7103501,71035,1,1,1,40,1,4,"LINGAYATH","KANNADA",1,0,0,1,0,0,0,"",16,1,"","","","",NA,NA,"",NA,NA,NA,NA,"",1,6,"DAYS PER WEEK","AGRICULTURE LABOUR","OTHER LAND",1,0,2,NA,2,NA,1,1,"YELLOW"
71,146,7103502,71035,2,2,2,36,1,4,"LINGAYATH","KANNADA",1,0,0,0,1,0,0,"",16,2,"data has been removed for publication","VILLAGE","data has been removed for publication","BANGALORE",21,NA,"MARRIAGE",NA,NA,NA,NA,"",2,NA,"","","",NA,NA,1,1,1,1,1,1,"YELLOW"
71,153,7103701,71037,1,1,1,30,1,4,"LINGAYATH","KANNADA",1,0,0,1,0,0,0,"",10,1,"","","","",NA,NA,"",NA,NA,NA,NA,"",1,6,"DAYS PER WEEK","COOKING WORK","PRIVATE BUSINESS",1,8,2,NA,2,NA,1,3,""
71,154,7103702,71037,2,2,2,22,1,4,"LINGAYATHA","KANNADA",1,0,0,0,1,0,0,"",12,2,"data has been removed for publication","VILLAGE","data has been removed for publication","RAMANAGAR",2,NA,"MARRIAGE",NA,NA,NA,NA,"",2,NA,"","","",NA,NA,1,1,1,1,3,3,""
71,159,7103901,71039,1,1,1,48,1,4,"LINGAYATHA","KANNADA",2,0,0,0,0,0,0,"",16,1,"","","","",NA,NA,"",NA,NA,NA,NA,"",1,6,"DAYS PER WEEK","AGRICULTURE LABOUR","LAND LORD",1,0,2,NA,2,NA,1,1,"YELLOW"
71,160,7103902,71039,2,2,2,42,1,4,"LINGAYATHA","KANNADA",2,0,0,0,0,0,0,"",16,1,"","","","",NA,NA,"",NA,NA,NA,NA,"",2,NA,"","","",NA,NA,1,1,1,1,1,1,"YELLOW"
71,172,7104201,71042,1,2,1,37,1,1,"ADI KARNATAKA","KANNADA",1,0,0,1,0,0,0,"",16,2,"data has been removed for publication","VILLAGE","data has been removed for publication","KOLAR",25,NA,"MARRIAGE",NA,NA,NA,NA,"",1,7,"DAYS PER WEEK","AGRICULTURE COOLIE","OTHER OWNER",1,0,2,NA,2,NA,1,3,""
71,174,7104203,71042,3,2,3,18,1,1,"ADI KARNATAKA","KANNADA",2,0,0,0,0,0,0,"",5,1,"","","","",NA,NA,"",NA,NA,NA,NA,"",2,NA,"","","",NA,NA,2,NA,2,NA,3,3,""
71,176,7104301,71043,1,2,1,30,1,1,"ADI KARNATAKA","KANNADA",2,0,0,0,0,0,0,"",10,2,"data has been removed for publication","VILLAGE","data has been removed for publication","KOLAR",11,NA,"MARRIAGE",NA,NA,NA,NA,"",1,6,"DAYS PER WEEK","AGRICULTURE LABOUR","OTHER OWNER",1,0,2,NA,2,NA,1,1,"YELLOW"
71,181,7104501,71045,1,2,1,40,1,1,"ADI KARNATAKA","KANNADA",2,0,0,0,0,0,0,"",16,1,"","","","",NA,NA,"",NA,NA,NA,NA,"",1,6,"DAYS PER WEEK","ANIMAL HUSBANDRY","PRIVATE BUSINESS",1,0,1,1,1,2,1,1,"BLUE"
71,199,7104901,71049,1,1,1,45,1,1,"ADI KARNATAKA","KANNADA",1,0,1,1,0,1,0,"",7,1,"","","","",NA,NA,"",NA,NA,NA,NA,"",1,4,"DAYS PER WEEK","AGRICULTURIST","OWN",1,0,2,NA,2,NA,1,1,"YELLOW"
71,200,7104902,71049,2,2,2,42,1,1,"ADI KARNATAKA","KANNADA",2,0,0,0,0,0,0,"",7,2,"data has been removed for publication","VILLAGE","data has been removed for publication","KOLAR",22,NA,"MARRIAGE",NA,NA,NA,NA,"",1,6,"DAYS PER WEEK","WOOD CUTTER WORKER","OTHER LAND OWNER",1,0,1,1,1,1,1,1,"YELLOW"
71,203,7104905,71049,5,2,3,21,1,1,"ADI KARNATAKA","KANNADA",1,0,0,0,0,1,0,"",9,1,"","","","",NA,NA,"",NA,NA,NA,NA,"",2,NA,"","","",NA,NA,2,NA,2,NA,3,1,"YELLOW"
71,210,7105101,71051,1,1,1,40,2,3,"SHEIK","URDU",1,1,0,1,0,0,0,"",10,1,"","","","",NA,NA,"",NA,NA,NA,NA,"",1,6,"DAYS PER WEEK","SKIN MERCHANT","PRIVATE BUSINESS",1,0,2,NA,1,2,1,1,"BLUE"
71,211,7105102,71051,2,2,2,28,2,3,"SHEIK","URDU",2,0,0,0,0,0,0,"",16,2,"data has been removed for publication","VILLAGE","data has been removed for publication","KOLAR",14,0,"MARRIAGE",NA,NA,NA,NA,"",2,NA,"","","",NA,NA,2,NA,2,NA,1,1,"BLUE"
71,218,7105201,71052,1,1,1,28,2,3,"SHEIK","URDU",1,1,0,0,1,0,0,"",11,1,"","","","",NA,NA,"",NA,NA,NA,NA,"",1,4,"DAYS PER WEEK","AUTO DRIVER","OWNER",1,0,2,NA,2,NA,1,1,"BLUE"
71,222,7105301,71053,1,1,1,60,2,3,"SHEIK","URDU",1,1,0,1,1,1,0,"",10,1,"","","","",NA,NA,"",NA,NA,NA,NA,"",2,NA,"","","",NA,NA,2,NA,2,NA,1,3,""
71,223,7105302,71053,2,2,2,45,2,3,"SHEIK","URDU",1,1,0,0,0,1,0,"",16,2,"data has been removed for publication","VILLAGE","data has been removed for publication","KOLAR",29,NA,"MARRIAGE",NA,NA,NA,NA,"",2,NA,"","","",NA,NA,2,NA,2,NA,1,3,""
71,225,7105304,71053,4,2,3,18,2,3,"SHEIK","URDU",1,1,0,1,1,1,0,"",12,1,"","","","",NA,NA,"",NA,NA,NA,NA,"",2,NA,"","","",NA,NA,2,NA,2,NA,3,3,""
71,232,7105501,71055,1,1,1,35,2,3,"SHEIK","URDU",1,1,0,1,1,0,0,"",16,1,"","","","",NA,NA,"",NA,NA,NA,NA,"",1,7,"DAYS PER WEEK","WOOD CUTTER","PRIVATE BUSINESS",1,0,2,NA,1,1,1,1,"YELLOW"
71,233,7105502,71055,2,2,2,33,2,3,"SHEIK","URDU",1,1,0,0,1,0,0,"",16,2,"data has been removed for publication","VILLAGE","data has been removed for publication","BANGALORE RURAL",17,NA,"MARRIAGE",NA,NA,NA,NA,"",2,NA,"","","",NA,NA,1,1,1,1,1,1,"BLUE"
71,237,7105601,71056,1,1,1,34,2,3,"SHEIK","URDU",1,1,0,1,0,0,0,"",9,1,"","","","",NA,NA,"",NA,NA,NA,NA,"",1,5,"DAYS PER WEEK","WOOD CUTTER","OWNER",1,0,2,NA,2,NA,3,1,"YELLOW"
71,238,7105602,71056,2,2,2,32,2,3,"SHEIK","URDU",1,1,0,0,0,0,0,"",16,1,"","","","",NA,NA,"",NA,NA,NA,NA,"",2,NA,"","","",NA,NA,1,1,1,1,1,1,"YELLOW"
71,244,7105701,71057,1,1,1,28,2,3,"SHEIK","URDU",1,1,0,1,1,0,0,"",5,1,"","","","",NA,NA,"",NA,NA,NA,NA,"",1,5,"DAYS PER WEEK","CASUAL LABOUR","LAND OWNER",1,0,2,NA,2,NA,1,1,"YELLOW"
71,245,7105702,71057,2,2,2,26,2,3,"SHEIK","URDU",1,1,1,0,1,0,0,"",3,2,"data has been removed for publication","CITY","","BANGALORE",10,NA,"MARRIAGE",NA,NA,NA,NA,"",2,NA,"","","",NA,NA,1,1,1,1,1,1,"YELLOW"
71,255,7105901,71059,1,1,1,25,2,3,"SHEIK","URDU",1,1,0,1,1,0,0,"",13,1,"","","","",NA,NA,"",NA,NA,NA,NA,"",1,7,"DAYS PER WEEK","WOOD SELLER","PRIVATE BUSINESS",1,0,2,NA,2,NA,1,1,"YELLOW"
71,256,7105902,71059,2,2,2,22,2,3,"SHEIK","URDU",1,1,0,0,0,0,0,"",10,2,"data has been removed for publication","CITY","","BANGALORE",4,NA,"MARRIAGE",NA,NA,NA,NA,"",2,NA,"","","",NA,NA,2,NA,2,NA,3,1,""
71,296,7106501,71065,1,1,1,46,2,3,"SHEIK","URDU",1,1,0,1,1,0,0,"",6,1,"","","","",NA,NA,"",NA,NA,NA,NA,"",2,NA,"","","",NA,NA,2,NA,2,NA,1,1,"YELLOW"
71,297,7106502,71065,2,2,2,35,2,3,"SAYED","URDU",1,1,0,0,1,0,0,"",7,2,"data has been removed for publication","VILLAGE","data has been removed for publication","KOLAR",20,NA,"MARRIAGE",NA,NA,NA,NA,"",2,NA,"","","",NA,NA,1,1,2,NA,1,1,"YELLOW"
71,316,7107001,71070,1,1,1,38,1,1,"ADI KARNATAKA","KANNADA",1,0,0,1,1,1,0,"",12,1,"","","","",NA,NA,"",NA,NA,NA,NA,"",1,5,"DAYS PER WEEK","AGRICULTURIST","OWN LAND",2,NA,2,NA,2,NA,1,1,"YELLOW"
71,317,7107002,71070,2,2,2,31,1,1,"ADI KARNATAKA","KANNADA",2,0,0,0,0,0,0,"",9,2,"data has been removed for publication","VILLAGE","data has been removed for publication","KOLAR",13,NA,"MARRIAGE",NA,NA,NA,NA,"",1,6,"DAYS PER WEEK","CASUAL LABOUR","GOVERNMENT",2,NA,1,1,1,1,1,1,"YELLOW"
71,323,7107201,71072,1,1,1,46,1,1,"ADI KARNATAKA","KANNADA",2,0,0,0,0,0,0,"",8,1,"","","","",NA,NA,"",NA,NA,NA,NA,"",1,6,"DAYS PER WEEK","KEB LINE MEN","GOVERNMENT",1,15,2,NA,1,1,1,1,"BLUE"
71,324,7107202,71072,2,2,2,38,1,1,"ADI KARNATAKA","KANNADA",2,0,0,0,0,0,0,"",16,2,"data has been removed for publication","VILLAGE","data has been removed for publication","KOLAR",20,NA,"MARRIAGE",NA,NA,NA,NA,"",2,NA,"","","",NA,NA,2,NA,2,NA,1,1,"BLUE"
71,325,7107301,71073,1,1,1,40,1,1,"ADI KARNATAKA","KANNADA",2,0,0,0,0,0,0,"",16,1,"","","","",NA,NA,"",NA,NA,NA,NA,"",1,7,"DAYS PER WEEK","WOOD CUTTER","CONTRACTOR",1,0,2,NA,1,1,1,1,"BLUE"
71,326,7107302,71073,2,2,2,35,1,1,"ADI KARNATAKA","KANNADA",2,0,0,0,0,0,0,"",16,2,"data has been removed for publication","VILLAGE","data has been removed for publication","KOLAR",19,NA,"MARRIAGE",NA,NA,NA,NA,"",1,4,"DAYS PER WEEK","AGRICULTURE LABOUR","LAND OWNER",1,0,1,1,1,2,1,1,"BLUE"
71,327,7107303,71073,3,2,3,18,1,1,"ADI KARNATAKA","KANNADA",1,0,0,0,0,1,0,"",12,1,"","","","",NA,NA,"",NA,NA,NA,NA,"",2,NA,"","","",NA,NA,2,NA,2,NA,3,1,"BLUE"
71,335,7107601,71076,1,1,1,42,2,3,"SHEIK","URDU",1,1,1,1,1,0,0,"",4,1,"","","","",NA,NA,"",NA,NA,NA,NA,"",1,6,"DAYS PER WEEK","ANIMAL SKIN BUSINESS","OTHER OWNER",1,0,2,NA,2,NA,3,3,""
71,336,7107602,71076,2,2,2,36,2,3,"SHEIK","URDU",1,1,0,0,1,0,0,"",10,2,"data has been removed for publication","VILLAGE","data has been removed for publication","KOLAR",16,NA,"MARRIAGE",NA,NA,NA,NA,"",2,NA,"","","",NA,NA,1,1,1,1,3,3,""
71,339,7107701,71077,1,1,1,30,2,3,"SHEIK","URDU",1,1,0,0,0,0,0,"",6,1,"","","","",NA,NA,"",NA,NA,NA,NA,"",1,7,"DAYS PER WEEK","POT SELLER","PRIVATE BUSINESS",1,0,2,NA,2,NA,3,3,""
71,355,7108101,71081,1,1,1,39,2,3,"SHEIK","URDU",1,1,0,1,1,0,0,"",3,1,"","","","",NA,NA,"",NA,NA,NA,NA,"",1,5,"DAYS PER WEEK","TIMBER MERCHANT","PRIVATE BUSINESS",1,0,2,NA,1,3,1,1,"GREEN"
71,366,7108301,71083,1,1,1,60,2,3,"SHEIK","URDU",1,1,0,0,1,0,0,"",2,1,"","","","",NA,NA,"",NA,NA,NA,NA,"",2,NA,"","","",NA,NA,2,NA,2,NA,1,1,"BLUE"
71,367,7108302,71083,2,2,2,55,2,3,"SHEIK","URDU",1,1,0,0,1,0,0,"",6,2,"data has been removed for publication","CITY","","KOLAR",35,NA,"MARRIAGE",NA,NA,NA,NA,"",2,NA,"","","",NA,NA,1,1,1,1,1,1,"YELLOW"
71,368,7108303,71083,3,1,3,30,2,3,"SHEIK","URDU",1,1,0,1,1,0,0,"",5,1,"","","","",NA,NA,"",NA,NA,NA,NA,"",1,7,"DAYS PER WEEK","AUTO DRIVER","PRIVATE BUSINESS",1,2,2,NA,2,NA,1,1,"BLUE"
71,369,7108304,71083,4,2,3,20,2,3,"SHEIK","URDU",1,1,0,0,1,0,0,"",5,2,"data has been removed for publication","TOWN","data has been removed for publication","HOSUR",6,NA,"MARRIAGE",NA,NA,NA,NA,"",2,NA,"","","",NA,NA,2,NA,2,NA,3,1,"YELLOW"
71,376,7108401,71084,1,1,1,30,2,3,"PATHAN","URDU",1,1,1,1,1,0,0,"",9,1,"","","","",NA,NA,"",NA,NA,NA,NA,"",1,6,"DAYS PER WEEK","TIMBER BUSINESS","PRIVATE BUSINESS",1,0,2,NA,1,1,1,3,""
71,377,7108402,71084,2,2,2,26,2,3,"PATHAN","URDU",1,1,0,0,1,0,1,"",12,2,"data has been removed for publication","CITY","","BANGALORE",7,NA,"MARRIAGE",NA,NA,NA,NA,"",1,6,"DAYS PER WEEK","TEACHER DAILY WAGES","PRIVATE BUSINESS",1,0,2,NA,2,NA,3,3,""
71,382,7108407,71084,7,2,2,50,2,3,"PATHAN","URDU",1,1,0,1,0,0,0,"",16,2,"data has been removed for publication","VILLAGE","data has been removed for publication","KOLAR",32,NA,"MARRIAGE",NA,NA,NA,NA,"",2,NA,"","","",NA,NA,1,1,1,1,1,1,"BPL"
71,383,7108501,71085,1,1,1,35,1,3,"BHOVI","KANNADA",1,0,1,1,0,0,0,"",16,1,"","","","",NA,NA,"",NA,NA,NA,NA,"",1,4,"DAYS PER WEEK","LORRY DRIVER","PRIVATE BUSINESS",1,0,2,NA,1,1,1,1,"BPL"
71,384,7108502,71085,2,2,2,28,1,1,"BHOVI","KANNADA",1,0,1,1,0,0,0,"",16,1,"","","","",NA,NA,"",NA,NA,NA,NA,"",2,NA,"","","",NA,NA,1,1,1,1,1,1,"YELLOW"
71,403,7108901,71089,1,1,1,45,2,3,"SHEIK","URDU",1,1,0,0,1,0,0,"",12,1,"","","","",NA,NA,"",NA,NA,NA,NA,"",1,7,"DAYS PER WEEK","CASUAL LABOUR","LAND OWNER",1,2,2,NA,2,NA,1,1,"YELLOW"
71,404,7108902,71089,2,2,2,38,2,3,"SHEIK","URDU",1,1,0,1,0,0,0,"",16,2,"data has been removed for publication","VILLAGE","data has been removed for publication","KOLAR",20,NA,"MARRIAGE",NA,NA,NA,NA,"",2,NA,"","","",NA,NA,1,1,1,1,1,1,"YELLOW"
71,408,7109001,71090,1,1,1,25,2,3,"SHEIK","URDU",1,1,0,1,1,0,0,"",14,1,"","","","",NA,NA,"",NA,NA,NA,NA,"",1,6,"DAYS PER WEEK","CASUAL LABOUR","PRIVATE BUSINESS",1,0,2,NA,2,NA,1,1,"YELLOW"
71,409,7109002,71090,2,2,2,23,2,3,"SHEIK","URDU",1,1,0,0,1,0,0,"",12,1,"","","","",NA,NA,"",NA,NA,NA,NA,"",2,NA,"","","",NA,NA,1,1,1,1,1,1,"YELLOW"
71,413,7109006,71090,6,2,3,35,2,3,"SHEIK","URDU",1,1,0,0,1,0,0,"",16,1,"","","","",NA,NA,"",NA,NA,NA,NA,"",2,NA,"","","",NA,NA,1,1,1,1,1,1,"YELLOW"
71,414,7109007,71090,7,1,3,27,2,3,"SHEIK","URDU",1,1,0,1,1,0,0,"",3,1,"","","","",NA,NA,"",NA,NA,NA,NA,"",1,6,"DAYS PER WEEK","PAINTER COOLIE","OWNER",1,0,2,NA,2,NA,1,1,"YELLOW"
71,415,7109008,71090,8,2,3,20,2,3,"SHEIK","URDU",1,1,0,0,1,0,0,"",5,2,"data has been removed for publication","VILLAGE","data has been removed for publication","CHITTOOR",1,NA,"MARRIAGE",NA,NA,NA,NA,"",2,NA,"","","",NA,NA,1,1,1,1,3,3,""
71,420,7109201,71092,1,2,1,40,2,3,"SHEIK","URDU",1,1,0,0,1,0,0,"",16,1,"","","","",NA,NA,"",NA,NA,NA,NA,"",2,NA,"","","",NA,NA,2,NA,2,NA,1,1,"YELLOW"
71,422,7109203,71092,3,2,3,18,2,3,"SHEIK","URDU",1,1,0,0,1,0,0,"",9,1,"","","","",NA,NA,"",NA,NA,NA,NA,"",2,NA,"","","",NA,NA,1,1,1,1,1,1,"YELLOW"
71,424,7109301,71093,1,1,1,50,2,3,"SHEIK","URDU",1,1,0,1,1,0,0,"",5,1,"","","","",NA,NA,"",NA,NA,NA,NA,"",1,5,"DAYS PER WEEK","BUSINESS","PRIVATE BUSINESS",1,0,2,NA,2,NA,1,1,"YELLOW"
71,425,7109302,71093,2,2,2,45,2,3,"SHEIK","URDU",1,1,0,1,1,0,0,"",5,2,"data has been removed for publication","TOWN","data has been removed for publication","KOLAR",20,NA,"MARRIAGE",NA,NA,NA,NA,"",2,NA,"","","",NA,NA,1,1,1,1,1,1,"YELLOW"
71,427,7109401,71094,1,1,2,30,1,3,"KURUBA","KANNADA",2,0,0,0,0,0,0,"",16,1,"","","","",NA,NA,"",NA,NA,NA,NA,"",1,6,"DAYS PER WEEK","AGRICULTURIST","OWN LAND",2,NA,2,NA,2,NA,1,1,"YELLOW"
71,428,7109402,71094,2,2,2,28,1,3,"KURUBA","KANNADA",2,0,0,0,0,0,0,"",3,2,"data has been removed for publication","VILLAGE","data has been removed for publication","BANGALORE RURAL",9,NA,"MARRIAGE",NA,NA,NA,NA,"",2,NA,"","","",NA,NA,2,NA,2,NA,1,1,"YELLOW"
71,432,7109406,71094,6,2,3,25,1,3,"KURUBA","KANNADA",2,0,0,0,0,0,0,"",16,1,"","","","",NA,NA,"",NA,NA,NA,NA,"",2,NA,"","","",NA,NA,2,NA,2,NA,1,1,"YELLOW"
71,445,7109701,71097,1,1,1,50,1,3,"KURUBA","KANNADA",1,0,1,1,1,0,0,"",6,1,"","","","",NA,NA,"",NA,NA,NA,NA,"",2,NA,"","","",NA,NA,2,NA,1,3,1,1,"APL"
71,446,7109702,71097,2,2,2,45,1,3,"KURUBA","KANNADA",1,0,0,1,0,0,0,"",10,2,"data has been removed for publication","VILLAGE","data has been removed for publication","BANGALORE RURAL",24,NA,"MARRIAGE",NA,NA,NA,NA,"",2,NA,"","","",NA,NA,2,NA,2,NA,1,1,"RED"
71,450,7109802,71098,2,2,2,45,1,3,"KURUBA","KANNADA",2,0,0,0,0,0,0,"",16,2,"data has been removed for publication","VILLAGE","data has been removed for publication","KOLAR",21,NA,"MARRIAGE",NA,NA,NA,NA,"",1,5,"DAYS PER WEEK","AGRICULTURE LABOUR","LAND OWNER",1,0,1,1,1,1,1,1,"YELLOW"
71,451,7109803,71098,3,2,3,20,1,3,"KURUBA","KANNADA",2,0,0,0,0,0,0,"",4,1,"","","","",NA,NA,"",NA,NA,NA,NA,"",1,5,"DAYS PER WEEK","AGRICULTURE LABOUR","LAND OWNER",2,NA,2,NA,2,NA,1,1,"GREEN"
71,457,7110001,71100,1,1,1,58,1,3,"KURUBA","KANNADA",1,0,0,1,0,1,0,"",10,1,"","","","",NA,NA,"",NA,NA,NA,NA,"",1,7,"DAYS PER WEEK","AGRICULTURIST","OWN LAND",1,0,2,NA,2,NA,1,1,"YELLOW"
71,458,7110002,71100,2,2,2,45,1,3,"KURUBA","KANNADA",1,0,0,1,0,0,0,"",16,2,"data has been removed for publication","VILLAGE","data has been removed for publication","SULGIRI",25,NA,"MARRIAGE",NA,NA,NA,NA,"",1,4,"DAYS PER WEEK","AGRICULTURE COOLIE","LAND OWNER",1,0,1,1,1,1,1,1,"YELLOW"
71,459,7110003,71100,3,2,3,18,1,3,"KURUBA","KANNADA",2,0,0,0,0,0,0,"",12,1,"","","","",NA,NA,"",NA,NA,NA,NA,"",2,NA,"","","",NA,NA,2,NA,2,NA,3,1,"YELLOW"
71,461,7110101,71101,1,1,1,35,1,3,"KURUBA","KANNADA",2,0,0,0,0,0,0,"",9,1,"","","","",NA,NA,"",NA,NA,NA,NA,"",1,5,"DAYS PER WEEK","ROAD CONTRACTOR","PRIVATE BUSINESS",1,0,2,NA,1,2,1,1,"RED"
71,462,7110102,71101,2,2,2,27,1,3,"KURUBA","KANNADA",2,0,0,0,0,0,0,"",5,2,"data has been removed for publication","VILLAGE","data has been removed for publication","KOLAR",10,NA,"MARRIAGE",NA,NA,NA,NA,"",2,NA,"","","",NA,NA,2,NA,2,NA,1,1,"GREEN"
71,472,7110301,71103,1,1,1,53,1,4,"BRAHMIN","KANNADA",1,0,0,1,1,0,1,"",10,1,"","","","",NA,NA,"",NA,NA,NA,NA,"",1,6,"DAYS PER WEEK","KSRTC CONDUCTOR","GOVERNMENT",1,15,2,NA,1,2,1,1,"APL"
71,473,7110302,71103,2,2,2,43,1,4,"BRAHMIN","KANNADA",1,0,0,1,0,0,0,"",10,2,"data has been removed for publication","VILLAGE","data has been removed for publication","BANGALORE",26,NA,"MARRIAGE",NA,NA,NA,NA,"",2,NA,"","","",NA,NA,2,NA,2,NA,1,1,"BLUE"
71,488,7110701,71107,1,1,1,50,1,4,"BRAHMIN","KANNADA",1,0,1,1,0,1,1,"",10,1,"","","","",NA,NA,"",NA,NA,NA,NA,"",1,7,"DAYS PER WEEK","TEMPLE PRIEST","PRIVATE BUSINESS",1,3,2,NA,2,NA,1,1,"BLUE"
71,489,7110702,71107,2,2,2,40,1,4,"BRAHMIN","KANNADA",1,0,0,1,0,0,0,"",8,2,"data has been removed for publication","VILLAGE","data has been removed for publication","KOLAR",25,NA,"MARRIAGE",NA,NA,NA,NA,"",2,NA,"","","",NA,NA,1,1,1,1,1,1,"BLUE"
71,498,7110805,71108,5,1,3,42,1,3,"KURUBA","KANNADA",1,0,1,1,1,0,1,"",13,1,"","","","",NA,NA,"",NA,NA,NA,NA,"",1,7,"DAYS PER WEEK","AGRICULTURIST","OWN LAND",2,NA,2,NA,1,1,1,1,"BLUE"
71,501,7110808,71108,8,1,3,35,1,3,"KURUBA","KANNADA",1,0,1,1,1,0,1,"",13,1,"","","","",NA,NA,"",NA,NA,NA,NA,"",1,7,"DAYS PER WEEK","POULTRY BUSINESS","PRIVATE BUSINESS",1,0,2,NA,2,NA,1,1,"BLUE"
71,502,7110809,71108,9,2,3,25,1,3,"KURUBA","KANNADA",1,0,0,1,0,0,1,"",15,2,"data has been removed for publication","CITY","","MYSORE",1,6,"MARRIAGE",NA,NA,NA,NA,"",2,NA,"","","",NA,NA,2,NA,2,NA,3,1,"BLUE"
71,505,7110812,71108,12,2,3,43,1,3,"KURUBA","KANNADA",1,0,0,1,0,0,0,"",10,1,"","","","",NA,NA,"",NA,NA,NA,NA,"",2,NA,"","","",NA,NA,1,1,1,1,1,1,"GREEN"
71,511,7111001,71110,1,1,1,46,1,3,"KURUBA","KANNADA",2,0,0,0,0,0,0,"",9,1,"","","","",NA,NA,"",NA,NA,NA,NA,"",1,7,"DAYS PER WEEK","AGRICULTURIST","OWN",1,0,2,NA,2,NA,1,1,"YELLOW"
71,512,7111002,71110,2,2,2,35,1,3,"KURUBA","KANNADA",2,0,0,0,0,0,0,"",16,2,"data has been removed for publication","VILLAGE","data has been removed for publication","BANGALORE",20,NA,"MARRIAGE",NA,NA,NA,NA,"",2,NA,"","","",NA,NA,1,1,1,1,1,1,"YELLOW"
71,515,7111101,71111,1,1,1,40,1,3,"KURUBA","KANNADA",1,0,0,1,0,0,0,"",8,1,"","","","",NA,NA,"",NA,NA,NA,NA,"",1,6,"DAYS PER WEEK","AGRICULTURIST","OWN LAND",2,NA,2,NA,1,2,2,1,"YELLOW"
71,516,7111102,71111,2,2,2,30,1,3,"KURUBA","KANNADA",2,0,0,0,0,0,0,"",16,2,"data has been removed for publication","VILLAGE","data has been removed for publication","KOLAR",12,NA,"MARRIAGE",NA,NA,NA,NA,"",1,5,"DAYS PER WEEK","AGRICULTURE LABOUR","IN OTHER LAND",1,0,1,1,1,1,1,1,"BPL"
71,531,7111401,71114,1,1,1,39,1,3,"KURUBA","KANNADA",1,0,0,1,0,0,1,"",9,1,"","","","",NA,NA,"",NA,NA,NA,NA,"",1,7,"DAYS PER WEEK","AGRICULTURIST","OWN LAND",1,2,2,NA,1,1,1,1,"YELLOW"
71,532,7111402,71114,2,2,2,25,1,3,"KURUBA","KANNADA",1,0,0,1,0,0,0,"",16,2,"data has been removed for publication","VILLAGE","data has been removed for publication","KOLAR",13,NA,"MARRIAGE",NA,NA,NA,NA,"",1,4,"DAYS PER WEEK","AGRICULTURE LABOUR","LAND OWNER",1,0,2,NA,2,NA,1,1,"YELLOW"
71,535,7111501,71115,1,1,1,55,1,3,"KURUBA","KANNADA",2,0,0,0,0,0,0,"",16,1,"","","","",NA,NA,"",NA,NA,NA,NA,"",1,7,"DAYS PER WEEK","AGRICULTURIST","OWN",2,NA,2,NA,1,1,1,1,"BLUE"
71,536,7111502,71115,2,2,2,45,1,3,"KURUBA","KANNADA",2,0,0,0,0,0,0,"",16,2,"data has been removed for publication","VILLAGE","data has been removed for publication","KOLAR",19,NA,"MARRIAGE",NA,NA,NA,NA,"",2,NA,"","","",NA,NA,2,NA,2,NA,1,1,"BLUE"
71,537,7111503,71115,3,2,3,18,1,3,"KURUBA","KANNADA",2,0,0,0,0,0,0,"",11,1,"","","","",NA,NA,"",NA,NA,NA,NA,"",2,NA,"","","",NA,NA,2,NA,2,NA,3,1,"YELLOW"
71,555,7111801,71118,1,1,1,42,1,3,"KURUBA","KANNADA",2,0,0,0,0,0,0,"",9,1,"","","","",NA,NA,"",NA,NA,NA,NA,"",1,7,"DAYS PER WEEK","AGRICULTURIST","OWN",2,NA,2,NA,1,1,1,1,"YELLOW"
71,556,7111802,71118,2,2,2,32,1,3,"KURUBA","KANNADA",1,0,0,1,0,0,0,"",8,2,"data has been removed for publication","VILLAGE","data has been removed for publication","KOLAR",15,NA,"MARRIAGE",NA,NA,NA,NA,"",2,NA,"","","",NA,NA,1,1,1,1,1,1,"YELLOW"
71,566,7112001,71120,1,2,1,45,1,3,"KURUBA","KANNADA",2,0,0,0,0,0,0,"",16,1,"","","","",NA,NA,"",NA,NA,NA,NA,"",2,NA,"","","",NA,NA,2,NA,1,1,1,1,"GREEN"
71,581,7112301,71123,1,1,1,40,1,3,"KURUBA","KANNADA",2,0,0,0,0,0,0,"",10,1,"","","","",NA,NA,"",NA,NA,NA,NA,"",1,4,"DAYS PER WEEK","MENSON WORKER","OWNER",1,0,2,NA,2,NA,1,1,"YELLOW"
71,582,7112302,71123,2,2,2,30,1,3,"KURUBA","KANNADA",2,0,0,0,0,0,0,"",11,2,"data has been removed for publication","VILLAGE","data has been removed for publication","KOLAR",5,NA,"MARRIAGE",NA,NA,NA,NA,"",1,4,"DAYS PER WEEK","AGRICULTURE LABOUR","LAND OWNER",1,0,2,NA,2,NA,1,1,"YELLOW"
71,586,7112401,71124,1,1,1,69,1,3,"KURUBA","KANNADA",1,0,0,1,1,0,0,"",6,1,"","","","",NA,NA,"",NA,NA,NA,NA,"",2,NA,"","","",NA,NA,2,NA,2,NA,1,1,"YELLOW"
71,587,7112402,71124,2,2,2,65,1,3,"KURUBA","KANNADA",2,0,0,0,0,0,0,"",4,2,"data has been removed for publication","TOWN","data has been removed for publication","BANGALORE",40,NA,"MARRIAGE",NA,NA,NA,NA,"",2,NA,"","","",NA,NA,1,1,1,1,1,1,"BLUE"
71,588,7112403,71124,3,1,1,30,1,3,"KURUBA","KANNADA",2,0,0,0,0,0,0,"",16,1,"","","","",NA,NA,"",NA,NA,NA,NA,"",2,NA,"","","",NA,NA,2,NA,1,1,1,1,"BLUE"
71,601,7112701,71127,1,1,1,45,1,3,"KURUBA","KANNADA",2,0,0,0,0,0,0,"",16,2,"data has been removed for publication","VILLAGE","data has been removed for publication","BANGALORE RURAL",5,NA,"WORK",1,1,71126,2,"data has been removed for publication",1,5,"DAYS PER WEEK","AGRICULTURE LABOUR","LAND OWNER",1,0,2,NA,2,NA,3,3,""
71,602,7112702,71127,2,2,2,40,1,3,"KURUBA","KANNADA",2,0,0,0,0,0,0,"",16,2,"data has been removed for publication","VILLAGE","data has been removed for publication","BANGALORE RURAL",5,NA,"MARRIAGE",NA,NA,NA,NA,"",1,4,"DAYS PER WEEK","AGRICULTURE LABOUR","LAND OWNER",1,0,2,NA,2,NA,3,3,""
71,615,7113001,71130,1,1,1,45,1,3,"KURUBA","KANNADA",1,0,0,1,0,0,0,"",6,1,"","","","",NA,NA,"",NA,NA,NA,NA,"",1,6,"DAYS PER WEEK","AGRICULTURIST","OWN LAND",2,NA,2,NA,2,NA,1,1,"BLUE"
71,616,7113002,71130,2,2,2,35,1,3,"KURUBA","KANNADA",2,0,0,0,0,0,0,"",16,2,"data has been removed for publication","VILLAGE","data has been removed for publication","KOLAR",9,NA,"MARRIAGE",NA,NA,NA,NA,"",2,NA,"","","",NA,NA,1,1,1,1,1,1,"BLUE"
71,624,7113201,71132,1,1,1,40,1,3,"KURUBA","KANNADA",1,0,0,1,0,0,0,"",10,1,"","","","",NA,NA,"",NA,NA,NA,NA,"",2,NA,"","","",NA,NA,2,NA,1,1,1,3,""
71,625,7113202,71132,2,2,2,30,1,3,"KURUBA","KANNADA",2,0,0,0,0,0,0,"",11,2,"data has been removed for publication","TOWN","data has been removed for publication","BANGALORE RURAL",8,NA,"MARRIAGE",NA,NA,NA,NA,"",1,4,"DAYS PER WEEK","TAILORING WORK","PRIVATE BUSINESS",2,NA,1,1,1,1,1,3,""
71,644,7113601,71136,1,1,1,60,1,3,"KURUBA","KANNADA",1,0,0,1,0,0,0,"",16,1,"","","","",NA,NA,"",NA,NA,NA,NA,"",1,7,"DAYS PER WEEK","AGRICULTURIST","OWN",2,NA,2,NA,2,NA,1,1,"YELLOW"
71,645,7113602,71136,2,2,2,55,1,3,"KURUBA","KANNADA",1,0,0,1,0,0,0,"",16,1,"","","","",NA,NA,"",NA,NA,NA,NA,"",2,NA,"","","",NA,NA,1,1,1,1,1,1,"YELLOW"
71,650,7113701,71137,1,1,1,32,1,3,"KURUBA","KANNADA",2,0,0,0,0,0,0,"",10,1,"","","","",NA,NA,"",NA,NA,NA,NA,"",1,6,"DAYS PER WEEK","AGRICULTURIST","OWN LAND",2,NA,2,NA,1,1,1,1,"YELLOW"
71,651,7113702,71137,2,2,2,20,1,3,"KURUBA","KANNADA",2,0,0,0,0,0,0,"",10,1,"","","","",NA,NA,"",NA,NA,NA,NA,"",2,NA,"","","",NA,NA,1,1,1,1,1,1,"YELLOW"
71,653,7113801,71138,1,1,1,40,1,3,"KURUBA","KANNADA",1,0,0,1,0,0,0,"",7,1,"","","","",NA,NA,"",NA,NA,NA,NA,"",1,7,"DAYS PER WEEK","AGRICULTURIST","OWN LAND",2,NA,2,NA,2,NA,1,1,"YELLOW"
71,654,7113802,71138,2,2,2,35,1,3,"KURUBA","KANNADA",1,0,0,1,0,0,0,"",16,2,"data has been removed for publication","VILLAGE","data has been removed for publication","KRISHNAGIRI",20,NA,"MARRIAGE",NA,NA,NA,NA,"",1,7,"DAYS PER WEEK","AGRICULTURIST","OWN LAND",2,NA,1,1,1,1,1,1,"YELLOW"
71,656,7113804,71138,4,2,3,18,1,3,"KURUBA","KANNADA",2,0,0,0,0,0,0,"",10,1,"","","","",NA,NA,"",NA,NA,NA,NA,"",2,NA,"","","",NA,NA,2,NA,2,NA,3,1,"BLUE"
71,657,7113901,71139,1,2,1,23,1,1,"ADI KARNATAKA","KANNADA",1,0,1,1,1,0,0,"",12,1,"","","","",NA,NA,"",NA,NA,NA,NA,"",1,6,"DAYS PER WEEK","FACTORY WORKER","PRIVATE BUSINESS",1,0,2,NA,1,1,1,1,"YELLOW"
71,689,7114601,71146,1,1,1,60,1,3,"KURUBA","KANNADA",1,0,0,1,0,0,0,"",8,1,"","","","",NA,NA,"",NA,NA,NA,NA,"",1,6,"DAYS PER WEEK","AGRICULTURIST","OWN LAND",2,NA,2,NA,1,1,1,1,"BLUE"
71,690,7114602,71146,2,2,2,45,1,3,"KURUBA","KANNADA",1,0,0,1,0,0,0,"",16,2,"data has been removed for publication","VILLAGE","data has been removed for publication","DHARMAPURI",22,NA,"MARRIAGE",NA,NA,NA,NA,"",2,NA,"","","",NA,NA,2,NA,2,NA,1,1,"BLUE"
71,692,7114701,71147,1,1,1,37,1,3,"KURUBA","KANNADA",2,0,0,0,0,0,0,"",12,1,"","","","",NA,NA,"",NA,NA,NA,NA,"",1,6,"DAYS PER WEEK","AGRICULTURIST","OWN LAND",2,NA,2,NA,1,1,1,1,"YELLOW"
71,693,7114702,71147,2,2,2,30,1,3,"KURUBA","KANNADA",1,0,0,1,0,0,0,"",7,2,"data has been removed for publication","VILLAGE","data has been removed for publication","KOLAR",15,NA,"MARRIAGE",NA,NA,NA,NA,"",2,NA,"","","",NA,NA,1,1,1,1,1,1,"YELLOW"
71,696,7114801,71148,1,1,1,49,1,3,"KURUBA","KANNADA",2,0,0,0,0,0,0,"",12,1,"","","","",NA,NA,"",NA,NA,NA,NA,"",1,6,"DAYS PER WEEK","AGRICULTURIST","OWN LAND",2,NA,2,NA,2,NA,1,1,"YELLOW"
71,697,7114802,71148,2,2,2,45,1,3,"KURUBA","KANNADA",2,0,0,0,0,0,0,"",16,2,"data has been removed for publication","TOWN","data has been removed for publication","DHARMAPURI",25,NA,"MARRIAGE",NA,NA,NA,NA,"",2,NA,"","","",NA,NA,2,NA,2,NA,1,1,"YELLOW"
71,714,7115201,71152,1,1,1,39,1,3,"KURUBA","KANNADA",1,0,0,1,0,0,0,"",4,1,"","","","",NA,NA,"",NA,NA,NA,NA,"",1,6,"DAYS PER WEEK","AGRICULTURIST","OWN LAND",2,NA,2,NA,1,2,1,1,"YELLOW"
71,715,7115202,71152,2,2,2,32,1,3,"KURUBA","KANNADA",2,0,0,0,0,0,0,"",5,2,"data has been removed for publication","VILLAGE","data has been removed for publication","BANGALORE",10,NA,"MARRIAGE",NA,NA,NA,NA,"",2,NA,"","","",NA,NA,2,NA,2,NA,1,1,"YELLOW"
71,732,7115601,71156,1,1,1,42,1,4,"LINGAYATH","KANNADA",2,0,0,0,0,0,0,"",10,1,"","","","",NA,NA,"",NA,NA,NA,NA,"",1,5,"DAYS PER WEEK","TEMPLE PRIST","PRIVATE BUSINESS",2,NA,2,NA,1,1,1,1,"YELLOW"
71,733,7115602,71156,2,2,2,38,1,4,"LINGAYATH","KANNADA",1,0,0,1,0,0,0,"",5,2,"data has been removed for publication","VILLAGE","data has been removed for publication","KOLAR",20,NA,"MARRIAGE",NA,NA,NA,NA,"",1,6,"DAYS PER WEEK","ANGANWADI HELPER","GOVERNMENT",2,NA,1,1,1,1,1,1,"YELLOW"
71,734,7115603,71156,3,2,3,18,1,4,"LINGAYATH","KANNADA",1,0,0,0,0,0,1,"",12,1,"","","","",NA,NA,"",NA,NA,NA,NA,"",2,NA,"","","",NA,NA,1,1,1,1,3,1,"YELLOW"
71,736,7115701,71157,1,1,1,30,1,3,"KURUBA","KANNADA",2,0,0,0,0,0,0,"",3,1,"","","","",NA,NA,"",NA,NA,NA,NA,"",1,6,"DAYS PER WEEK","AGRICULTURE COOLIE","LAND OWNER",1,0,2,NA,1,2,1,1,"RED"
71,737,7115702,71157,2,2,2,28,1,3,"KURUBA","KANNADA",2,0,0,0,0,0,0,"",16,2,"data has been removed for publication","VILLAGE","data has been removed for publication","KOLAR",10,NA,"MARRIAGE",NA,NA,NA,NA,"",2,NA,"","","",NA,NA,1,1,1,1,1,1,"RED"
71,739,7115801,71158,1,1,1,25,1,3,"KURUBA","KANNADA",2,0,0,0,0,0,0,"",5,1,"","","","",NA,NA,"",NA,NA,NA,NA,"",1,5,"DAYS PER WEEK","PAINT WORKER","OTHER OWNER",1,0,2,NA,2,NA,1,3,""
71,740,7115802,71158,2,2,2,20,1,3,"KURUBA","KANNADA",1,0,0,1,0,0,0,"",16,2,"data has been removed for publication","TOWN","data has been removed for publication","CHIKKABALLAPURA",3,NA,"MARRIAGE",NA,NA,NA,NA,"",2,NA,"","","",NA,NA,1,1,1,1,3,3,""
71,752,7116101,71161,1,1,1,30,1,3,"KURUBA","KANNADA",2,0,0,0,0,0,0,"",10,1,"","","","",NA,NA,"",NA,NA,NA,NA,"",1,6,"DAYS PER WEEK","AGRICULTURE COOLIE","LAND LORD",1,0,2,NA,2,NA,2,1,"YELLOW"
71,753,7116102,71161,2,2,2,26,1,3,"KURUBA","KANNADA",2,0,0,0,0,0,0,"",7,2,"data has been removed for publication","VILLAGE","data has been removed for publication","KOLAR",8,NA,"MARRIAGE",NA,NA,NA,NA,"",1,4,"DAYS PER WEEK","AGRICULTURE COOLIE","LAND LORD",1,0,2,NA,2,NA,1,1,"YELLOW"
71,766,7116601,71166,1,1,1,45,1,4,"BRAHMIN","KANNADA",2,0,0,0,0,0,0,"",10,1,"","","","",NA,NA,"",NA,NA,NA,NA,"",1,6,"DAYS PER WEEK","SCHOOL TEACHER","GOVERNMENT",1,0,2,NA,1,2,1,1,"BLUE"
71,767,7116602,71166,2,2,2,35,1,4,"BRAHMIN","KANNADA",1,0,0,1,0,0,0,"",14,2,"data has been removed for publication","CITY","","BANGALORE",12,NA,"MARRIAGE",NA,NA,NA,NA,"",2,NA,"","","",NA,NA,2,NA,2,NA,1,1,"BLUE"
71,771,7116701,71167,1,1,1,45,1,4,"BRAHMIN","KANNADA",1,0,0,1,1,0,1,"",10,1,"","","","",NA,NA,"",NA,NA,NA,NA,"",1,6,"DAYS PER WEEK","DOCUMENT WRITER","PRIVATE BUSINESS",1,6,2,NA,1,1,1,1,"YELLOW"
71,772,7116702,71167,2,2,2,36,1,4,"BRAHMIN","KANNADA",1,0,0,1,0,0,0,"",7,2,"data has been removed for publication","VILLAGE","data has been removed for publication","CHIKKABALLAPURA",18,NA,"MARRIAGE",NA,NA,NA,NA,"",2,NA,"","","",NA,NA,2,NA,2,NA,1,1,"YELLOW"
71,773,7116703,71167,3,2,3,18,1,4,"BRAHMIN","KANNADA",1,0,0,1,0,0,0,"",12,1,"","","","",NA,NA,"",NA,NA,NA,NA,"",2,NA,"","","",NA,NA,2,NA,2,NA,1,1,"YELLOW"
71,789,7117101,71171,1,1,1,60,1,3,"KURUBA","KANNADA",1,0,0,1,0,0,0,"",16,1,"","","","",NA,NA,"",NA,NA,NA,NA,"",1,6,"DAYS PER WEEK","AGRICULTURE COOLIE","LAND LORD",2,NA,2,NA,2,NA,1,1,"YELLOW"
71,790,7117102,71171,2,2,2,55,1,3,"KURUBA","KANNADA",1,0,0,1,0,0,0,"",16,1,"","","","",NA,NA,"",NA,NA,NA,NA,"",2,NA,"","","",NA,NA,1,1,1,1,1,1,"YELLOW"
71,794,7117201,71172,1,1,1,27,1,3,"KURUBA","KANNADA",1,0,0,1,1,0,0,"",12,1,"","","","",NA,NA,"",NA,NA,NA,NA,"",1,6,"DAYS PER WEEK","SUPERVISOR FACTORY WORKER","PRIVATE BUSINESS",1,0,2,NA,1,1,1,3,""
71,795,7117202,71172,2,2,2,19,1,3,"KURUBA","KANNADA",2,0,0,0,0,0,0,"",10,2,"data has been removed for publication","TOWN","data has been removed for publication","KOLAR",2,NA,"MARRIAGE",NA,NA,NA,NA,"",2,NA,"","","",NA,NA,1,1,1,1,3,3,""
71,796,7117301,71173,1,2,1,32,1,3,"VISHWAKARMA","KANNADA",2,0,0,0,0,0,0,"",14,1,"","","","",NA,NA,"",NA,NA,NA,NA,"",2,NA,"","","",NA,NA,1,1,1,1,1,1,"YELLOW"
71,799,7117401,71174,1,1,1,30,1,4,"LINGAYATH","KANNADA",1,0,0,1,0,0,0,"",13,1,"","","","",NA,NA,"",NA,NA,NA,NA,"",1,6,"DAYS PER WEEK","TEACHER","GOVERNMENT",1,0,2,NA,1,2,1,1,"RED"
71,800,7117402,71174,2,2,2,26,1,3,"VISHWAKARMA","KANNADA",1,0,0,1,0,0,0,"",14,2,"data has been removed for publication","CITY","","CHIKKABALLAPURA",5,NA,"MARRIAGE",NA,NA,NA,NA,"",2,NA,"","","",NA,NA,2,NA,2,NA,3,1,"BLUE"
71,816,7117901,71179,1,1,1,40,1,2,"NAYAK","KANNADA",1,0,0,1,0,0,0,"",16,1,"","","","",NA,NA,"",NA,NA,NA,NA,"",1,6,"DAYS PER WEEK","AGRICULTURE COOLIE","LAND LORD",1,0,2,NA,2,NA,1,1,"YELLOW"
71,817,7117902,71179,2,2,2,30,1,2,"NAYAK","KANNADA",2,0,0,0,0,0,0,"",16,2,"data has been removed for publication","VILLAGE","data has been removed for publication","KOLAR",10,NA,"MARRIAGE",NA,NA,NA,NA,"",1,5,"DAYS PER WEEK","AGRICULTURE COOLIE","LAND OWNER",1,0,1,1,1,1,1,1,"YELLOW"
71,825,7118101,71181,1,1,1,35,1,2,"NAYAK","KANNADA",2,0,0,0,0,0,0,"",16,1,"","","","",NA,NA,"",NA,NA,NA,NA,"",1,7,"DAYS PER WEEK","AGRICULTURE COOLIE","LAND OWNER",2,NA,2,NA,2,NA,1,1,"GREEN"
71,826,7118102,71181,2,2,2,33,1,2,"NAYAK","KANNADA",1,0,0,1,0,0,0,"",16,2,"data has been removed for publication","VILLAGE","data has been removed for publication","BANGALORE",23,NA,"MARRIAGE",NA,NA,NA,NA,"",2,NA,"","","",NA,NA,1,1,1,1,1,1,"YELLOW"
71,848,7118601,71186,1,1,1,65,1,2,"NAYAK","KANNADA",1,0,0,1,0,0,0,"",16,1,"","","","",NA,NA,"",NA,NA,NA,NA,"",1,6,"DAYS PER WEEK","NILGIRI BUSINESS","PRIVATE BUSINESS",1,0,2,NA,2,NA,1,1,"YELLOW"
71,849,7118602,71186,2,2,2,55,1,2,"NAYAK","KANNADA",1,0,0,1,0,0,0,"",16,2,"data has been removed for publication","VILLAGE","data has been removed for publication","KOLAR",28,NA,"MARRIAGE",NA,NA,NA,NA,"",2,NA,"","","",NA,NA,2,NA,1,1,1,1,"YELLOW"
71,850,7118603,71186,3,1,3,26,1,2,"NAYAK","KANNADA",1,0,0,1,0,0,0,"",10,1,"","","","",NA,NA,"",NA,NA,NA,NA,"",1,6,"DAYS PER WEEK","NILAGIRI POLS BUSINESS","PRIVATE BUSINESS",1,0,2,NA,1,2,1,1,"YELLOW"
71,851,7118604,71186,4,2,3,24,1,2,"NAYAK","KANNADA",1,0,0,1,0,0,0,"",8,2,"data has been removed for publication","VILLAGE","data has been removed for publication","KOLAR",9,NA,"MARRIAGE",NA,NA,NA,NA,"",2,NA,"","","",NA,NA,2,NA,2,NA,3,1,"YELLOW"
71,857,7118701,71187,1,1,1,45,1,2,"NAYAK","KANNADA",1,0,0,1,0,0,0,"",16,1,"","","","",NA,NA,"",NA,NA,NA,NA,"",1,6,"DAYS PER WEEK","CASUAL LABOUR","OTHER  LAND",1,0,2,NA,2,NA,1,1,"YELLOW"
71,858,7118702,71187,2,2,2,42,1,2,"NAYAK","KANNADA",1,0,0,1,0,0,0,"",16,2,"data has been removed for publication","VILLAGE","data has been removed for publication","BANGALORE",21,NA,"MARRIAGE",NA,NA,NA,NA,"",1,6,"DAYS PER WEEK","AGRICULTURE LABOUR","LAND LORD",1,0,1,1,1,1,1,1,"YELLOW"
71,862,7118801,71188,1,1,1,40,1,2,"NAYAK","KANNADA",1,0,0,1,0,0,0,"",16,1,"","","","",NA,NA,"",NA,NA,NA,NA,"",1,6,"DAYS PER WEEK","AGRICULTURE COOLIE","LAND LORD",1,0,2,NA,2,NA,1,1,"YELLOW"
71,863,7118802,71188,2,2,2,38,1,2,"NAYAK","KANNADA",1,0,0,1,0,0,0,"",16,2,"data has been removed for publication","VILLAGE","data has been removed for publication","KOLAR",16,NA,"MARRIAGE",NA,NA,NA,NA,"",2,NA,"","","",NA,NA,1,2,1,2,1,1,"YELLOW"
71,868,7119001,71190,1,1,1,35,1,3,"DHOBI","KANNADA",1,0,0,1,0,0,0,"",16,1,"","","","",NA,NA,"",NA,NA,NA,NA,"",1,7,"DAYS PER WEEK","AGRICULTURE LABOUR","LAND LORD",1,0,2,NA,2,NA,1,1,"GREEN"
71,869,7119002,71190,2,2,2,30,1,3,"DHOBI","KANNADA",2,0,0,0,0,0,0,"",16,2,"data has been removed for publication","VILLAGE","data has been removed for publication","KOLAR",12,NA,"MARRIAGE",NA,NA,NA,NA,"",2,NA,"","","",NA,NA,1,1,1,1,1,1,"GREEN"
71,874,7119101,71191,1,1,1,50,1,3,"DHOBI","KANNADA",2,0,0,0,0,0,0,"",5,1,"","","","",NA,NA,"",NA,NA,NA,NA,"",1,7,"DAYS PER WEEK","AGRICULTURIST","OWN",2,NA,2,NA,2,NA,1,2,"GREEN"
71,875,7119102,71191,2,2,2,45,1,3,"DHOBI","KANNADA",2,0,0,0,0,0,0,"",16,2,"data has been removed for publication","VILLAGE","data has been removed for publication","KOLAR",25,0,"MARRIAGE",NA,NA,NA,NA,"",2,NA,"","","",NA,NA,1,1,1,1,1,2,"GREEN"
71,897,7119501,71195,1,1,1,30,1,4,"LINGAYATH","KANNADA",2,0,0,0,0,0,0,"",7,1,"","","","",NA,NA,"",NA,NA,NA,NA,"",1,7,"DAYS PER WEEK","TAILOR","PRIVATE BUSINESS",2,NA,2,NA,1,2,1,1,"GREEN"
71,898,7119502,71195,2,2,2,25,1,4,"LINGAYATH","KANNADA",2,0,0,0,0,0,0,"",10,2,"data has been removed for publication","VILLAGE","data has been removed for publication","BANGALORE RURAL",3,0,"MARRIAGE",NA,NA,NA,NA,"",2,NA,"","","",NA,NA,1,1,1,1,3,1,"GREEN"
71,902,7119601,71196,1,1,1,35,1,4,"LINGAYATH","KANNADA",2,0,0,0,0,0,0,"",10,1,"","","","",NA,NA,"",NA,NA,NA,NA,"",1,7,"DAYS PER WEEK","COOKING WORKER","PRIVATE BUSINESS",1,3,2,NA,2,NA,1,2,"GREEN"
71,903,7119602,71196,2,2,2,26,1,4,"LINGAYATH","KANNADA",1,0,0,1,0,0,0,"",10,2,"data has been removed for publication","VILLAGE","data has been removed for publication","BANGALORE RURAL",10,NA,"MARRIAGE",NA,NA,NA,NA,"",2,NA,"","","",NA,NA,1,1,1,1,1,2,"GREEN"
71,906,7119701,71197,1,1,1,30,1,4,"LINGAYATH","KANNADA",2,0,0,0,0,0,0,"",16,1,"","","","",NA,NA,"",NA,NA,NA,NA,"",1,6,"DAYS PER WEEK","AGRICULTURE LABOUR","LAND LORD",1,0,2,NA,2,NA,1,1,""
71,907,7119702,71197,2,2,2,27,1,4,"LINGAYATH","KANNADA",1,0,1,1,0,0,0,"",10,2,"data has been removed for publication","VILLAGE","data has been removed for publication","DHARMAPURI",10,NA,"MARRIAGE",NA,NA,NA,NA,"",2,NA,"","","",NA,NA,1,1,1,1,1,1,""
71,919,7120001,71200,1,1,1,30,1,3,"GANIGA","KANNADA",1,0,0,1,0,0,0,"",10,1,"","","","",NA,NA,"",NA,NA,NA,NA,"",1,5,"DAYS PER WEEK","PAINTER","PRIVATE BUSINESS",1,0,2,NA,1,1,1,1,"GREEN"
71,920,7120002,71200,2,2,2,25,1,3,"GANIGA","KANNADA",2,0,0,0,0,0,0,"",10,2,"data has been removed for publication","VILLAGE","data has been removed for publication","BANGALORE",7,0,"MARRIAGE",NA,NA,NA,NA,"",2,NA,"","","",NA,NA,1,1,1,1,1,1,"YELLOW"
71,934,7120301,71203,1,1,1,35,1,3,"VOKKALIGA","KANNADA",1,0,0,1,0,0,0,"",16,1,"","","","",NA,NA,"",NA,NA,NA,NA,"",1,6,"DAYS PER WEEK","WOOD CUTTER","PRIVATE BUSINESS",1,0,2,NA,1,1,1,1,"YELLOW"
71,935,7120302,71203,2,2,2,28,1,3,"VOKKALIGA","KANNADA",1,0,0,1,0,0,0,"",8,2,"data has been removed for publication","VILLAGE","data has been removed for publication","DHARMAPURA",8,NA,"MARRIAGE",NA,NA,NA,NA,"",1,7,"DAYS PER WEEK","AGRICULTURE COOLIE","LAND OWNER",1,0,1,1,1,1,1,1,"YELLOW"
71,938,7120401,71204,1,1,1,35,1,3,"VOKKALIGA","KANNADA",1,0,0,1,0,0,0,"",16,1,"","","","",NA,NA,"",NA,NA,NA,NA,"",1,6,"DAYS PER WEEK","WOOD CUTTER","PRIVATE BUSINESS",1,0,2,NA,2,NA,1,1,"YELLOW"
71,939,7120402,71204,2,2,2,30,1,3,"VOKKALIGA","KANNADA",1,0,0,1,0,0,0,"",16,2,"data has been removed for publication","VILLAGE","data has been removed for publication","SOLAGIRI",14,NA,"MARRIAGE",NA,NA,NA,NA,"",1,7,"DAYS PER WEEK","AGRICULTURE COOLIE","LAND OWNER",1,0,1,1,1,1,1,1,"YELLOW"
71,962,7121001,71210,1,1,1,42,1,3,"KURUBA","KANNADA",1,0,0,1,0,0,0,"",15,1,"","","","",NA,NA,"",NA,NA,NA,NA,"",1,7,"DAYS PER WEEK","BRICKS FACTORY","PRIVATE BUSINESS",1,0,2,NA,1,2,1,1,"BLUE"
71,963,7121002,71210,2,2,2,35,1,3,"KURUBA","KANNADA",1,0,0,1,0,0,0,"",13,2,"data has been removed for publication","TOWN","data has been removed for publication","CHIKKABALLAPURA",22,NA,"MARRIAGE",NA,NA,NA,NA,"",2,NA,"","","",NA,NA,2,NA,1,1,1,1,"BLUE"
71,967,7121101,71211,1,1,1,47,1,3,"KURUBA","KANNADA",1,0,0,1,0,0,0,"",12,1,"","","","",NA,NA,"",NA,NA,NA,NA,"",1,7,"DAYS PER WEEK","AGRICULTURIST","OWN",2,NA,2,NA,1,1,1,1,"BLUE"
71,968,7121102,71211,2,2,2,43,1,3,"KURUBA","KANNADA",2,0,0,0,0,0,0,"",10,2,"data has been removed for publication","VILLAGE","data has been removed for publication","BANGALORE",26,NA,"MARRIAGE",NA,NA,NA,NA,"",2,NA,"","","",NA,NA,2,NA,2,NA,1,1,""
71,975,7121301,71213,1,1,1,36,1,3,"MADIVALA","KANNADA",2,0,0,0,0,0,0,"",10,1,"","","","",NA,NA,"",NA,NA,NA,NA,"",1,6,"DAYS PER WEEK","AGRICULTURE COOLIE","LAND OWNER",1,0,2,NA,1,1,1,1,"BLUE"
71,976,7121302,71213,2,2,2,34,1,3,"DHOBI","KANNADA",1,1,0,1,0,0,0,"",2,2,"data has been removed for publication","TOWN","data has been removed for publication","KOLAR",13,NA,"MARRIAGE",NA,NA,NA,NA,"",2,NA,"","","",NA,NA,2,NA,2,NA,1,1,"YELLOW"
71,979,7121401,71214,1,1,1,24,1,3,"GANIGA","KANNADA",2,0,0,0,0,0,0,"",10,1,"","","","",NA,NA,"",NA,NA,NA,NA,"",1,7,"DAYS PER WEEK","SHOP KEEPER","OTHER OWNER",1,0,2,NA,1,1,1,1,"GREEN"
71,980,7121402,71214,2,2,2,22,1,3,"GANIGA","TELUGU",1,1,0,0,0,0,0,"",8,2,"data has been removed for publication","VILLAGE","data has been removed for publication","KOLAR",5,NA,"MARRIAGE",NA,NA,NA,NA,"",2,NA,"","","",NA,NA,2,NA,2,NA,1,1,"GREEN"
71,984,7121501,71215,1,1,1,27,1,4,"LINGAYATH","KANNADA",2,0,0,0,0,0,0,"",10,1,"","","","",NA,NA,"",NA,NA,NA,NA,"",1,6,"DAYS PER WEEK","CONTRACT COOKER","OWNER",1,6,2,NA,1,2,1,1,"YELLOW"
71,985,7121502,71215,2,2,2,25,1,4,"LINGAYATH","KANNADA",2,0,0,0,0,0,0,"",10,2,"data has been removed for publication","VILLAGE","data has been removed for publication","KOLAR",9,0,"MARRIAGE",NA,NA,NA,NA,"",1,4,"DAYS PER WEEK","TAILOR","PRIVATE BUSINESS",2,NA,1,1,1,1,1,1,"GREEN"
71,999,7121901,71219,1,1,1,25,1,3,"KURUBA","KANNADA",2,0,0,0,0,0,0,"",10,1,"","","","",NA,NA,"",NA,NA,NA,NA,"",1,6,"DAYS PER WEEK","SHEEP REARING","OWN",2,NA,2,NA,2,NA,1,1,""
71,1003,7121905,71219,5,1,3,60,1,3,"KURUBA","KANNADA",2,0,0,0,0,0,0,"",16,1,"","","","",NA,NA,"",NA,NA,NA,NA,"",1,6,"DAYS PER WEEK","AGRICULTURIST","OWN",2,NA,2,NA,2,NA,1,1,""
71,1004,7121906,71219,6,2,3,50,1,3,"KURUBA","KANNADA",2,0,0,0,0,0,0,"",16,2,"data has been removed for publication","TOWN","data has been removed for publication","DHARMAPURA",30,NA,"MARRIAGE",NA,NA,NA,NA,"",2,NA,"","","",NA,NA,2,NA,2,NA,1,1,""
71,1005,7122001,71220,1,1,1,25,1,3,"KURUBA","KANNADA",1,0,0,1,0,0,0,"",16,1,"","","","",NA,NA,"",NA,NA,NA,NA,"",1,7,"DAYS PER WEEK","AGRICULTURIST","OWN",2,NA,2,NA,1,1,1,1,"YELLOW"
71,1006,7122002,71220,2,2,2,23,1,3,"KURUBA","KANNADA",2,0,0,0,0,0,0,"",5,2,"data has been removed for publication","VILLAGE","data has been removed for publication","KOLAR",5,NA,"MARRIAGE",NA,NA,NA,NA,"",2,NA,"","","",NA,NA,1,1,1,1,1,1,"YELLOW"
71,1009,7122101,71221,1,2,1,50,1,1,"BHOVI","KANNADA",1,0,0,1,0,0,0,"",2,2,"data has been removed for publication","VILLAGE","data has been removed for publication","KOLAR",36,NA,"MARRIAGE",NA,NA,NA,NA,"",2,NA,"","","",NA,NA,2,NA,1,1,1,1,"YELLOW"
71,1012,7122104,71221,4,2,3,20,1,1,"BHOVI","TELUGU",1,1,0,0,0,0,0,"",10,1,"","","","",NA,NA,"",NA,NA,NA,NA,"",2,NA,"","","",NA,NA,2,NA,2,NA,3,1,"YELLOW"
71,1019,7122301,71223,1,1,1,55,1,1,"BHOVI","TELUGU",1,1,0,0,0,0,0,"",16,1,"","","","",NA,NA,"",NA,NA,NA,NA,"",1,7,"DAYS PER WEEK","AGRICULTURIST","OWN",2,NA,2,NA,2,NA,1,1,"GREEN"
71,1020,7122302,71223,2,2,2,44,1,1,"BHOVI","TELUGU",1,1,0,0,0,0,0,"",16,2,"data has been removed for publication","VILLAGE","data has been removed for publication","KOLAR",25,NA,"MARRIAGE",NA,NA,NA,NA,"",1,6,"DAYS PER WEEK","AGRICULTURE COOLIE","LAND OWNER",1,0,1,1,1,1,1,1,"GREEN"
71,1021,7122303,71223,3,2,3,19,1,1,"BHOVI","TELUGU",1,1,0,0,0,0,0,"",12,1,"","","","",NA,NA,"",NA,NA,NA,NA,"",2,NA,"","","",NA,NA,1,1,1,1,3,1,"GREEN"
71,1028,7122501,71225,1,1,1,45,1,1,"BHOVI","TELUGU",1,1,0,0,0,0,0,"",5,1,"","","","",NA,NA,"",NA,NA,NA,NA,"",1,7,"DAYS PER WEEK","AGRICULTURIST","OWN",2,NA,2,NA,2,NA,1,1,"YELLOW"
71,1029,7122502,71225,2,2,2,40,1,1,"BHOVI","TELUGU",1,1,0,0,0,0,0,"",8,2,"data has been removed for publication","VILLAGE","data has been removed for publication","KOLAR",21,NA,"MARRIAGE",NA,NA,NA,NA,"",2,NA,"","","",NA,NA,1,1,1,1,1,1,"YELLOW"
71,1030,7122503,71225,3,2,3,22,1,1,"BHOVI","TELUGU",1,1,0,0,0,0,0,"",12,1,"","","","",NA,NA,"",NA,NA,NA,NA,"",1,6,"DAYS PER WEEK","PRIMARY SCHOOL TEACHER","GOVERNMENT",1,0,2,NA,2,NA,3,1,"GREEN"
71,1038,7122701,71227,1,1,1,32,1,1,"BHOVI","TELUGU",1,1,0,0,0,0,0,"",10,1,"","","","",NA,NA,"",NA,NA,NA,NA,"",1,7,"DAYS PER WEEK","AGRICULTURIST","OWN",2,NA,2,NA,1,1,1,1,"GREEN"
71,1039,7122702,71227,2,2,2,24,1,1,"BHOVI","TELUGU",1,1,0,0,0,0,0,"",7,2,"data has been removed for publication","VILLAGE","data has been removed for publication","KOLAR",6,0,"MARRIAGE",NA,NA,NA,NA,"",1,7,"DAYS PER WEEK","AGRICULTURIST","OWN",2,NA,2,NA,1,1,1,1,"GREEN"
71,1047,7122901,71229,1,1,1,65,1,3,"KURUBA","KANNADA",2,0,0,0,0,0,0,"",16,1,"","","","",NA,NA,"",NA,NA,NA,NA,"",1,7,"DAYS PER WEEK","AGRICULTURIST","OWN",2,NA,2,NA,2,NA,1,1,"BLUE"
71,1048,7122902,71229,2,2,2,58,1,3,"KURUBA","KANNADA",1,0,0,1,0,0,0,"",16,2,"data has been removed for publication","VILLAGE","data has been removed for publication","KOLAR",40,NA,"MARRIAGE",NA,NA,NA,NA,"",2,NA,"","","",NA,NA,1,1,1,1,1,1,"BLUE"
71,1049,7122903,71229,3,2,2,50,1,3,"KURUBA","KANNADA",2,0,0,0,0,0,0,"",1,2,"data has been removed for publication","VILLAGE","data has been removed for publication","KOLAR",30,NA,"MARRIAGE",NA,NA,NA,NA,"",2,NA,"","","",NA,NA,1,1,1,1,1,1,"BLUE"
71,1055,7123001,71230,1,1,1,27,1,3,"KURUBA","KANNADA",2,0,0,0,0,0,0,"",14,1,"","","","",NA,NA,"",NA,NA,NA,NA,"",1,7,"DAYS PER WEEK","ELECTRICAL SHOP OWNER","PRIVATE BUSINESS",1,0,2,NA,1,2,1,1,"YELLOW"
71,1056,7123002,71230,2,2,2,24,1,3,"KURUBA","KANNADA",2,0,0,0,0,0,0,"",12,2,"data has been removed for publication","VILLAGE","data has been removed for publication","BANGALORE RURAL",2,0,"MARRIAGE",NA,NA,NA,NA,"",2,NA,"","","",NA,NA,1,1,1,1,3,1,"YELLOW"
71,1063,7123201,71232,1,1,1,24,1,3,"KURUBA","KANNADA",1,0,0,1,0,0,0,"",10,1,"","","","",NA,NA,"",NA,NA,NA,NA,"",1,6,"DAYS PER WEEK","AGRICULTURE COOLIE","LAND OWNER",1,0,2,NA,2,NA,1,1,"GREEN"
71,1064,7123202,71232,2,2,2,22,1,3,"KURUBA","KANNADA",2,0,0,0,0,0,0,"",10,2,"data has been removed for publication","VILLAGE","data has been removed for publication","KOLAR",5,0,"MARRIAGE",NA,NA,NA,NA,"",2,NA,"","","",NA,NA,1,1,1,1,3,1,"GREEN"
71,1067,7123302,71233,2,2,2,35,1,3,"KURUBA","KANNADA",2,0,0,0,0,0,0,"",16,2,"data has been removed for publication","VILLAGE","data has been removed for publication","BANGALORE RURAL",20,NA,"MARRIAGE",NA,NA,NA,NA,"",1,7,"DAYS PER WEEK","AGRICULTURE COOLIE","LAND OWNER",2,NA,1,1,1,1,1,1,"GREEN"
71,1074,7123501,71235,1,1,1,40,1,1,"BHOVI","TELUGU",1,1,0,0,0,0,0,"",13,1,"","","","",NA,NA,"",NA,NA,NA,NA,"",1,4,"DAYS PER WEEK","AUTO DRIVER","OWNER",1,0,2,NA,2,NA,1,1,"YELLOW"
71,1075,7123502,71235,2,2,2,35,1,1,"BHOVI","TELUGU",1,1,0,0,0,0,0,"",16,2,"data has been removed for publication","VILLAGE","data has been removed for publication","KOLAR",16,NA,"MARRIAGE",NA,NA,NA,NA,"",1,5,"DAYS PER WEEK","CONSTRUCTION WORK","CONTRACTOR",1,0,1,1,1,1,1,1,"YELLOW"
71,1079,7123601,71236,1,1,1,40,1,1,"BHOVI","TELUGU",1,1,0,0,0,0,0,"",8,1,"","","","",NA,NA,"",NA,NA,NA,NA,"",1,7,"DAYS PER WEEK","DRIVER","PRIVATE BUSINESS",1,0,2,NA,1,2,1,1,"GREEN"
71,1080,7123602,71236,2,2,2,30,1,1,"BHOVI","TELUGU",1,1,0,0,0,0,0,"",7,2,"data has been removed for publication","VILLAGE","data has been removed for publication","KOLAR",7,NA,"MARRIAGE",NA,NA,NA,NA,"",2,NA,"","","",NA,NA,1,1,1,1,1,1,"GREEN"
71,1084,7123701,71237,1,1,1,45,1,1,"BHOVI","TELUGU",1,1,0,0,0,0,0,"",9,1,"","","","",NA,NA,"",NA,NA,NA,NA,"",1,7,"DAYS PER WEEK","CASUAL LABOUR","OTHER OWNER",1,0,2,NA,1,1,1,1,"GREEN"
71,1085,7123702,71237,2,2,2,39,1,1,"BHOVI","TELUGU",1,1,0,0,0,0,0,"",16,2,"data has been removed for publication","VILLAGE","data has been removed for publication","KOLAR",20,NA,"MARRIAGE",NA,NA,NA,NA,"",1,6,"DAYS PER WEEK","AGRICULTURE COOLIE","LAND OWNER",2,NA,1,1,1,1,1,1,"GREEN"
71,1088,7123801,71238,1,1,1,30,1,1,"BHOVI","TELUGU",1,1,0,0,0,0,0,"",10,1,"","","","",NA,NA,"",NA,NA,NA,NA,"",1,6,"DAYS PER WEEK","WOOD CUTTER","PRIVATE BUSINESS",1,0,2,NA,1,1,1,3,""
71,1089,7123802,71238,2,2,2,28,1,1,"BHOVI","TELUGU",1,1,0,0,0,0,0,"",10,2,"data has been removed for publication","VILLAGE","data has been removed for publication","KOLAR",7,0,"MARRIAGE",NA,NA,NA,NA,"",2,NA,"","","",NA,NA,2,NA,1,1,1,3,""
71,1096,7124001,71240,1,1,1,30,1,1,"BHOVI","TELUGU",1,1,0,0,0,0,0,"",10,1,"","","","",NA,NA,"",NA,NA,NA,NA,"",1,6,"DAYS PER WEEK","FACTORY WORKER","PRIVATE BUSINESS",1,0,2,NA,2,NA,1,1,"YELLOW"
71,1097,7124002,71240,2,2,2,28,1,1,"BHOVI","TELUGU",1,1,0,0,0,0,0,"",5,2,"data has been removed for publication","VILLAGE","data has been removed for publication","KOLAR",15,NA,"MARRIAGE",NA,NA,NA,NA,"",1,6,"DAYS PER WEEK","FACTORY WORKER","PRIVATE BUSINESS",1,0,1,1,1,1,1,1,"YELLOW"
71,1107,7124201,71242,1,1,1,30,1,1,"BHOVI","TELUGU",1,1,0,0,0,0,0,"",4,2,"data has been removed for publication","VILLAGE","data has been removed for publication","KOLAR",8,0,"WORK",1,1,71243,1,"data has been removed for publication",1,6,"DAYS PER WEEK","AGRICULTURE COOLIE","LAND OWNER",2,NA,2,NA,2,NA,3,1,"YELLOW"
71,1108,7124202,71242,2,2,2,22,1,1,"BHOVI","TELUGU",1,1,0,0,0,0,0,"",16,1,"","","","",NA,NA,"",NA,NA,NA,NA,"",2,NA,"","","",NA,NA,2,NA,2,NA,1,1,"YELLOW"
71,1124,7124601,71246,1,1,1,35,2,3,"SHEIK","URDU",1,1,0,0,1,0,0,"",4,2,"data has been removed for publication","CITY","","BANGALORE DISTRICT",2,NA,"WORK",2,NA,NA,NA,"",1,5,"DAYS PER WEEK","GUJARI BUSINESS","PRIVATE BUSINESS",1,0,2,NA,2,NA,3,3,""
71,1125,7124602,71246,2,2,2,30,2,3,"SHEIK","URDU",1,1,0,0,1,0,0,"",16,1,"","","","",NA,NA,"",NA,NA,NA,NA,"",1,4,"DAYS PER WEEK","BEEDI BINDING WORKER","OTHER OWNER",1,0,2,NA,2,NA,3,3,""
71,1129,7124701,71247,1,1,1,43,1,3,"KURUBA","KANNADA",1,0,0,1,0,0,0,"",12,1,"","","","",NA,NA,"",NA,NA,NA,NA,"",1,5,"DAYS PER WEEK","FLOWER BUSINESS","PRIVATE BUSINESS",1,0,2,NA,1,2,1,1,"RED"
71,1130,7124702,71247,2,2,2,32,1,3,"KURUBA","KANNADA",2,0,0,0,0,0,0,"",7,2,"data has been removed for publication","VILLAGE","data has been removed for publication","BANGALORE RURAL",13,NA,"MARRIAGE",NA,NA,NA,NA,"",2,NA,"","","",NA,NA,1,1,1,2,1,1,"RED"
71,1134,7124801,71248,1,1,1,30,1,1,"BHOVI","KANNADA",1,0,0,1,0,0,0,"",2,1,"","","","",NA,NA,"",NA,NA,NA,NA,"",1,6,"DAYS PER WEEK","AGRICULTURE LABOUR","LAND LORD",1,0,2,NA,2,NA,1,1,"YELLOW"
71,1135,7124802,71248,2,2,2,27,1,1,"BHOVI","KANNADA",1,0,0,1,0,0,0,"",7,2,"data has been removed for publication","VILLAGE","data has been removed for publication","KOLAR",8,NA,"MARRIAGE",NA,NA,NA,NA,"",2,NA,"","","",NA,NA,2,NA,2,NA,1,1,"YELLOW"
71,1144,7125101,71251,1,1,1,30,1,1,"BHOVI","KANNADA",1,0,0,1,0,0,0,"",5,1,"","","","",NA,NA,"",NA,NA,NA,NA,"",1,7,"DAYS PER WEEK","CASUAL LABOUR","PRIVATE BUSINESS",1,0,2,NA,2,NA,1,1,"YELLOW"
71,1145,7125102,71251,2,2,2,28,1,1,"BHOVI","KANNADA",1,0,0,1,0,0,0,"",6,2,"data has been removed for publication","VILLAGE","data has been removed for publication","KOLAR",9,NA,"MARRIAGE",NA,NA,NA,NA,"",2,NA,"","","",NA,NA,1,1,1,1,1,1,"YELLOW"
71,1156,7125301,71253,1,1,1,25,1,1,"BHOVI","TELUGU",1,1,0,0,0,0,0,"",8,1,"","","","",NA,NA,"",NA,NA,NA,NA,"",1,6,"DAYS PER WEEK","PAINTER","PRIVATE BUSINESS",1,0,2,NA,2,NA,1,1,"GREEN"
71,1157,7125302,71253,2,2,2,21,1,1,"BHOVI","TELUGU",1,1,0,0,0,0,0,"",10,1,"","","","",NA,NA,"",NA,NA,NA,NA,"",2,NA,"","","",NA,NA,1,1,1,2,1,1,"GREEN"
71,1170,7125601,71256,1,1,1,45,1,4,"LINGAYATH","KANNADA",1,0,0,1,0,0,0,"",5,1,"","","","",NA,NA,"",NA,NA,NA,NA,"",1,6,"DAYS PER WEEK","AGRICULTURIST","OWN",2,NA,2,NA,2,NA,1,1,"GREEN"
71,1171,7125602,71256,2,2,2,40,1,4,"LINGAYATH","KANNADA",1,0,0,1,0,0,0,"",7,1,"","","","",NA,NA,"",NA,NA,NA,NA,"",1,6,"DAYS PER WEEK","AGRICULTURE COOLIE","LAND OWNER",1,0,2,NA,2,NA,1,1,"GREEN"
71,1175,7125701,71257,1,1,1,40,1,4,"LINGAYATH","KANNADA",2,0,0,0,0,0,0,"",4,1,"","","","",NA,NA,"",NA,NA,NA,NA,"",1,5,"DAYS PER WEEK","AGRICULTURE LABOUR","OTHER LAND",1,8,2,NA,2,NA,1,1,"YELLOW"
71,1176,7125702,71257,2,2,2,35,1,4,"LINGAYATH","KANNADA",1,0,0,1,0,0,0,"",10,2,"data has been removed for publication","VILLAGE","data has been removed for publication","DHARMAPURI",22,NA,"MARRIAGE",NA,NA,NA,NA,"",2,NA,"","","",NA,NA,2,NA,2,NA,1,1,"YELLOW"
71,1179,7125801,71258,1,1,1,45,1,3,"KURUBA","KANNADA",2,0,0,0,0,0,0,"",16,1,"","","","",NA,NA,"",NA,NA,NA,NA,"",1,5,"DAYS PER WEEK","AGRICULTURE COOLIE","OTHER LAND",1,0,2,NA,2,NA,1,1,"YELLOW"
71,1180,7125802,71258,2,2,2,39,1,3,"KURUBA","KANNADA",2,0,0,0,0,0,0,"",16,2,"data has been removed for publication","VILLAGE","data has been removed for publication","KOLAR",20,NA,"MARRIAGE",NA,NA,NA,NA,"",2,NA,"","","",NA,NA,1,1,1,1,1,1,"YELLOW"
71,1181,7125803,71258,3,2,3,18,1,3,"KURUBA","KANNADA",1,0,0,1,0,0,0,"",10,1,"","","","",NA,NA,"",NA,NA,NA,NA,"",2,NA,"","","",NA,NA,2,NA,2,NA,3,1,"YELLOW"
71,1184,7125901,71259,1,1,1,35,1,3,"KURUBA","KANNADA",1,0,0,1,0,0,0,"",10,1,"","","","",NA,NA,"",NA,NA,NA,NA,"",1,6,"DAYS PER WEEK","WOOD CUTTER","PRIVATE BUSINESS",1,0,2,NA,2,NA,1,1,"YELLOW"
71,1185,7125902,71259,2,2,2,30,1,3,"KURUBA","KANNADA",2,0,0,0,0,0,0,"",16,2,"data has been removed for publication","VILLAGE","data has been removed for publication","BANGALORE",16,NA,"MARRIAGE",NA,NA,NA,NA,"",1,5,"DAYS PER WEEK","AGRICULTURE COOLIE","LAND OWNER",1,0,1,1,1,1,1,1,"YELLOW"
71,1227,7126701,71267,1,1,1,35,1,3,"KURUBA","KANNADA",1,0,0,1,0,0,0,"",10,1,"","","","",NA,NA,"",NA,NA,NA,NA,"",1,5,"DAYS PER WEEK","FINANCE BUSINESS","PRIVATE BUSINESS",1,0,2,NA,2,NA,1,1,"YELLOW"
71,1228,7126702,71267,2,2,2,22,1,3,"KURUBA","KANNADA",2,0,0,0,0,0,0,"",10,2,"data has been removed for publication","VILLAGE","data has been removed for publication","BANGALORE RURAL",6,NA,"MARRIAGE",NA,NA,NA,NA,"",2,NA,"","","",NA,NA,2,NA,2,NA,1,1,"YELLOW"
71,1231,7126705,71267,5,2,3,50,1,3,"KURUBA","KANNADA",2,0,0,0,0,0,0,"",16,1,"","","","",NA,NA,"",NA,NA,NA,NA,"",2,NA,"","","",NA,NA,2,NA,2,NA,1,1,"BPL"
71,1258,7127301,71273,1,1,1,25,1,3,"GANIGA","KANNADA",1,0,0,1,0,0,0,"",16,1,"","","","",NA,NA,"",NA,NA,NA,NA,"",1,4,"DAYS PER WEEK","WOOD CUTTER","OWNER",1,0,2,NA,2,NA,1,3,""
71,1259,7127302,71273,2,2,2,23,1,3,"GANIGA","KANNADA",1,0,0,1,0,0,0,"",10,2,"data has been removed for publication","VILLAGE","data has been removed for publication","KOLAR",4,NA,"MARRIAGE",NA,NA,NA,NA,"",1,5,"DAYS PER WEEK","AGRICULTURE LABOUR","IN OTHER LAND",1,0,1,1,1,1,1,3,""
71,1262,7127401,71274,1,1,1,41,1,3,"GANIGA","KANNADA",2,0,0,0,0,0,0,"",4,1,"","","","",NA,NA,"",NA,NA,NA,NA,"",1,6,"DAYS PER WEEK","AGRICULTURE CASUAL LABOUR","LAND LORD",1,0,2,NA,2,NA,1,1,"YELLOW"
71,1263,7127402,71274,2,2,2,32,1,3,"GANIGA","KANNADA",2,0,0,0,0,0,0,"",10,2,"data has been removed for publication","TOWN","data has been removed for publication","BANGALORE RURAL",12,0,"MARRIAGE",NA,NA,NA,NA,"",1,7,"DAYS PER WEEK","AGRICULTURE COOLIE","LAND OWNER",1,0,2,NA,2,NA,1,1,"YELLOW"
71,1266,7127501,71275,1,1,1,35,1,3,"MADIVAL","KANNADA",1,0,0,1,0,0,0,"",16,1,"","","","",NA,NA,"",NA,NA,NA,NA,"",1,5,"DAYS PER WEEK","AGRICULTURIST","OWN LAND",2,NA,2,NA,1,2,1,1,"YELLOW"
71,1267,7127502,71275,2,2,2,30,1,3,"DHOBHI","KANNADA",1,0,0,1,0,0,0,"",7,2,"data has been removed for publication","VILLAGE","data has been removed for publication","KOLAR",12,0,"MARRIAGE",NA,NA,NA,NA,"",2,NA,"","","",NA,NA,1,1,1,1,3,1,"GREEN"
71,1270,7127601,71276,1,1,1,27,1,3,"KURUBA","KANNADA",1,0,0,1,0,0,0,"",7,1,"","","","",NA,NA,"",NA,NA,NA,NA,"",1,5,"DAYS PER WEEK","AGRICULTURIST","OWN LAND",2,NA,2,NA,2,NA,1,1,"YELLOW"
71,1273,7127604,71276,4,1,3,30,1,3,"KURUBA","KANNADA",1,0,0,1,0,0,0,"",8,1,"","","","",NA,NA,"",NA,NA,NA,NA,"",1,6,"DAYS PER WEEK","AGRICULTURIST","OWN LAND",2,NA,2,NA,2,NA,1,1,""
71,1274,7127605,71276,5,2,3,25,1,3,"KURUBA","KANNADA",2,0,0,0,0,0,0,"",9,2,"data has been removed for publication","VILLAGE","data has been removed for publication","KOLAR",8,NA,"MARRIAGE",NA,NA,NA,NA,"",2,NA,"","","",NA,NA,2,NA,2,NA,1,1,"BLUE"
71,1294,7127901,71279,1,1,1,40,1,3,"KURUBA","KANNADA",1,0,0,1,0,0,0,"",8,1,"","","","",NA,NA,"",NA,NA,NA,NA,"",1,5,"DAYS PER WEEK","AGRICULTURIST","OWN LAND",2,NA,2,NA,2,NA,1,1,""
71,1295,7127902,71279,2,2,2,35,1,3,"KURUBA","KANNADA",1,0,0,1,0,0,0,"",5,2,"data has been removed for publication","VILLAGE","data has been removed for publication","KOLAR",16,NA,"MARRIAGE",NA,NA,NA,NA,"",2,NA,"","","",NA,NA,2,NA,1,1,1,1,"BLUE"
71,1298,7128001,71280,1,1,1,40,1,2,"NAYAK","KANNADA",2,0,0,0,0,0,0,"",16,1,"","","","",NA,NA,"",NA,NA,NA,NA,"",1,5,"DAYS PER WEEK","WOOD CUTTING","PRIVATE BUSINESS",1,0,2,NA,2,NA,1,1,""
71,1299,7128002,71280,2,2,2,32,1,2,"NAYAK","KANNADA",1,0,0,1,0,0,0,"",16,2,"data has been removed for publication","VILLAGE","data has been removed for publication","KOLAR",12,NA,"MARRIAGE",NA,NA,NA,NA,"",1,4,"DAYS PER WEEK","AGRICULTURE CASUAL LABOUR","IN OTHER LAND",1,0,1,1,1,1,1,1,""
71,1311,7128301,71283,1,1,1,45,1,3,"KURUBA","KANNADA",1,0,0,1,0,0,0,"",6,1,"","","","",NA,NA,"",NA,NA,NA,NA,"",1,6,"DAYS PER WEEK","AGRICULTURE LABOUR","LAND LORD",1,0,2,NA,2,NA,1,1,"YELLOW"
71,1312,7128302,71283,2,2,2,40,1,3,"KURUBA","KANNADA",2,0,0,0,0,0,0,"",16,2,"data has been removed for publication","VILLAGE","data has been removed for publication","KOLAR",20,0,"MARRIAGE",NA,NA,NA,NA,"",2,NA,"","","",NA,NA,1,1,1,1,1,1,"GREEN"
71,1316,7128401,71284,1,1,1,25,1,3,"DHOBI","KANNADA",2,0,0,0,0,0,0,"",16,1,"","","","",NA,NA,"",NA,NA,NA,NA,"",1,5,"DAYS PER WEEK","WOOD BUSINESS","PRIVATE BUSINESS",1,0,2,NA,2,NA,1,1,"YELLOW"
71,1317,7128402,71284,2,2,2,20,1,3,"DHOBI","KANNADA",2,0,0,0,0,0,0,"",6,2,"data has been removed for publication","VILLAGE","data has been removed for publication","BANGALORE RURAL",3,NA,"MARRIAGE",NA,NA,NA,NA,"",2,NA,"","","",NA,NA,2,NA,2,NA,3,1,"YELLOW"
71,1326,7128601,71286,1,1,1,50,1,3,"DHOBI","KANNADA",1,0,1,1,0,0,0,"",16,1,"","","","",NA,NA,"",NA,NA,NA,NA,"",1,5,"DAYS PER WEEK","AGRICULTURIST","OWN LAND",2,NA,2,NA,2,NA,1,1,"YELLOW"
71,1327,7128602,71286,2,2,2,40,1,3,"DHOBI","KANNADA",1,1,0,1,0,0,0,"",16,2,"data has been removed for publication","VILLAGE","data has been removed for publication","KOLAR",22,NA,"MARRIAGE",NA,NA,NA,NA,"",2,NA,"","","",NA,NA,1,1,1,1,1,1,"BPL"
71,1328,7128603,71286,3,2,3,23,1,3,"DHOBI","KANNADA",1,0,0,1,0,0,1,"",14,1,"","","","",NA,NA,"",NA,NA,NA,NA,"",2,NA,"","","",NA,NA,2,NA,2,NA,1,1,"YELLOW"
71,1329,7128604,71286,4,2,3,20,1,3,"DHOBI","KANNADA",1,0,1,1,0,0,1,"",13,1,"","","","",NA,NA,"",NA,NA,NA,NA,"",2,NA,"","","",NA,NA,1,1,2,NA,3,1,"YELLOW"
